slide_name,permissible_angle,slide_width_um,scanner_name,time_stamp,slide_id,load_identifier,x_offset_um,y_offset_um,row_index,col_index,row_col
H01CBA06P_95061,3.949116405,25410,H01CBA06P,2021-04-11T04:07:42,95061,CS002-3-1618114047174,,,0,0,"0,0"
H01CBA06P_95062,3.94313249,25448.5,H01CBA06P,2021-04-11T04:08:27,95062,CS002-3-1618114047174,,,0,1,"0,1"
H01CBA06P_95063,3.96113893,25333,H01CBA06P,2021-04-11T04:09:13,95063,CS002-3-1618114047174,,,0,2,"0,2"
H01CBA06P_94937,-0.517144949,25448.5,H01CBA06P,2021-04-11T03:36:50,94937,CS002-3-1618066883159,,,0,1,"0,1"
H01CBA06P_94938,-0.51856785,25410,H01CBA06P,2021-04-11T03:37:15,94938,CS002-3-1618066883159,,,0,2,"0,2"
H01CBA06P_94939,-0.517200968,25333,H01CBA06P,2021-04-11T03:37:39,94939,CS002-3-1618066883159,,,0,3,"0,3"
H01CBA06P_94940,-0.530200037,25179,H01CBA06P,2021-04-11T03:38:03,94940,CS002-3-1618066883159,,,0,4,"0,4"
H01CBA06P_95066,3.973234939,25256,H01CBA06P,2021-04-11T05:04:24,95066,CS002-3-1618117449676,,,0,0,"0,0"
H01CBA06P_95067,3.949116405,25410,H01CBA06P,2021-04-11T05:06:05,95067,CS002-3-1618117449676,,,0,1,"0,1"
H01CBA06P_95068,3.96113893,25333,H01CBA06P,2021-04-11T05:10:13,95068,CS002-3-1618117802664,,,0,0,"0,0"
H01CBA06P_95069,3.949116405,25410,H01CBA06P,2021-04-11T05:11:50,95069,CS002-3-1618117802664,,,0,1,"0,1"
H01CBA06P_95070,3.94313249,25448.5,H01CBA06P,2021-04-11T05:13:25,95070,CS002-3-1618117995424,,,0,0,"0,0"
H01CBA02P_95190,4.560776957,25152,H01CBA02P,2021-04-11T05:13:49,95190,CS002-1-1618118000086,,,0,0,"0,0"
H01CBA06P_95071,3.949116405,25410,H01CBA06P,2021-04-11T05:14:27,95071,CS002-3-1618117995424,,,0,1,"0,1"
H01CBA02P_95191,4.51133037,25427.1,H01CBA02P,2021-04-11T05:15:07,95191,CS002-1-1618118000086,,,0,1,"0,1"
H01CBA06P_95072,3.94313249,25448.5,H01CBA06P,2021-04-11T05:15:46,95072,CS002-3-1618117995424,,,0,2,"0,2"
H01CBA02P_95192,4.449311532,25780.8,H01CBA02P,2021-04-11T05:16:26,95192,CS002-1-1618118000086,,,0,2,"0,2"
H01CBA06P_95073,3.973234939,25256,H01CBA06P,2021-04-11T05:17:05,95073,CS002-3-1618117995424,,,0,3,"0,3"
H01CBA02P_95193,4.476663432,25623.6,H01CBA02P,2021-04-11T05:17:45,95193,CS002-1-1618118000086,,,0,3,"0,3"
H01CBA06P_95074,3.967177707,25294.5,H01CBA06P,2021-04-11T05:18:24,95074,CS002-3-1618117995424,,,0,4,"0,4"
H01CBA02P_95194,4.525348107,25348.5,H01CBA02P,2021-04-11T05:19:04,95194,CS002-1-1618118000086,,,0,4,"0,4"
H01CBA05P_95310,4.518114354,25389,H01CBA05P,2021-04-11T05:19:22,95310,CS002-2-1618118012311,,,0,0,"0,0"
H01CBA06P_95075,3.967177707,25294.5,H01CBA06P,2021-04-11T05:20:00,95075,CS002-3-1618117995424,,,0,5,"0,5"
H01CBA02P_95195,4.525348107,25348.5,H01CBA02P,2021-04-11T05:20:40,95195,CS002-1-1618118000086,,,0,5,"0,5"
H01CBA05P_95311,4.560231885,25155,H01CBA05P,2021-04-11T05:21:24,95311,CS002-2-1618118012311,,,0,1,"0,1"
H01CBA06P_95076,3.94313249,25448.5,H01CBA06P,2021-04-11T05:22:03,95076,CS002-3-1618117995424,,,0,6,"0,6"
H01CBA05P_95312,4.560231885,25155,H01CBA05P,2021-04-11T05:22:40,95312,CS002-2-1618118012311,,,0,2,"0,2"
H01CBA02P_95196,4.560776957,25152,H01CBA02P,2021-04-11T05:23:19,95196,CS002-1-1618118000086,,,0,6,"0,6"
H01CBA05P_95313,4.518114354,25389,H01CBA05P,2021-04-11T05:23:56,95313,CS002-2-1618118012311,,,0,3,"0,3"
H01CBA06P_95077,3.967177707,25294.5,H01CBA06P,2021-04-11T05:24:34,95077,CS002-3-1618117995424,,,0,7,"0,7"
H01CBA05P_95315,4.539075318,25272,H01CBA05P,2021-04-11T05:25:36,95315,CS002-2-1618118012311,,,0,5,"0,5"
H01CBA02P_95197,4.532389727,25309.2,H01CBA02P,2021-04-11T05:26:15,95197,CS002-1-1618118000086,,,0,7,"0,7"
H01CBA06P_95078,3.94313249,25448.5,H01CBA06P,2021-04-11T05:26:54,95078,CS002-3-1618117995424,,,0,8,"0,8"
H01CBA05P_95316,4.567328016,25116,H01CBA05P,2021-04-11T05:27:32,95316,CS002-2-1618118012311,,,0,6,"0,6"
H01CBA02P_95198,4.567929472,25112.7,H01CBA02P,2021-04-11T05:28:10,95198,CS002-1-1618118000086,,,0,8,"0,8"
H01CBA06P_95079,3.979310711,25217.5,H01CBA06P,2021-04-11T05:28:49,95079,CS002-3-1618117995424,,,0,9,"0,9"
H01CBA02P_95199,4.532389727,25309.2,H01CBA02P,2021-04-11T05:29:30,95199,CS002-1-1618118000086,,,0,9,"0,9"
H01CBA05P_95317,4.532066731,25311,H01CBA05P,2021-04-11T05:30:06,95317,CS002-2-1618118012311,,,0,7,"0,7"
H01CBA06P_95080,3.985405109,25179,H01CBA06P,2021-04-11T05:30:45,95080,CS002-3-1618117995424,,,0,10,"0,10"
H01CBA02P_95200,4.51133037,25427.1,H01CBA02P,2021-04-11T05:31:25,95200,CS002-1-1618118000086,,,0,10,"0,10"
H01CBA06P_95081,3.949116405,25410,H01CBA06P,2021-04-11T05:32:04,95081,CS002-3-1618117995424,,,0,11,"0,11"
H01CBA05P_95318,4.511170365,25428,H01CBA05P,2021-04-11T05:32:42,95318,CS002-2-1618118012311,,,0,8,"0,8"
H01CBA02P_95201,4.497399297,25505.7,H01CBA02P,2021-04-11T05:33:20,95201,CS002-1-1618118000086,,,0,11,"0,11"
H01CBA06P_95082,3.985405109,25179,H01CBA06P,2021-04-11T05:33:59,95082,CS002-3-1618117995424,,,0,12,"0,12"
H01CBA05P_95319,4.511170365,25428,H01CBA05P,2021-04-11T05:34:38,95319,CS002-2-1618118012311,,,0,9,"0,9"
H01CBA02P_95202,4.539453319,25269.9,H01CBA02P,2021-04-11T05:35:16,95202,CS002-1-1618118000086,,,0,12,"0,12"
H01CBA06P_95083,3.991518217,25140.5,H01CBA06P,2021-04-11T05:35:55,95083,CS002-3-1618117995424,,,0,13,"0,13"
H01CBA05P_95320,4.49734629,25506,H01CBA05P,2021-04-11T05:36:33,95320,CS002-2-1618118012311,,,0,10,"0,10"
H01CBA02P_95203,4.532389727,25309.2,H01CBA02P,2021-04-11T05:37:12,95203,CS002-1-1618118000086,,,0,13,"0,13"
H01CBA06P_95084,3.955118524,25371.5,H01CBA06P,2021-04-11T05:37:51,95084,CS002-3-1618117995424,,,0,14,"0,14"
H01CBA05P_95321,4.546105638,25233,H01CBA05P,2021-04-11T05:38:29,95321,CS002-2-1618118012311,,,0,11,"0,11"
H01CBA06P_95085,3.985405109,25179,H01CBA06P,2021-04-11T05:39:08,95085,CS002-3-1618117995424,,,0,15,"0,15"
H01CBA05P_95322,4.50424771,25467,H01CBA05P,2021-04-11T05:39:46,95322,CS002-2-1618118012311,,,0,12,"0,12"
H01CBA02P_95204,4.525348107,25348.5,H01CBA02P,2021-04-11T05:40:25,95204,CS002-1-1618118000086,,,0,14,"0,14"
H01CBA06P_95086,3.973234939,25256,H01CBA06P,2021-04-11T05:41:04,95086,CS002-3-1618117995424,,,0,16,"0,16"
H01CBA05P_95323,4.532066731,25311,H01CBA05P,2021-04-11T05:41:42,95323,CS002-2-1618118012311,,,0,13,"0,13"
H01CBA06P_95087,3.949116405,25410,H01CBA06P,2021-04-11T05:42:21,95087,CS002-3-1618117995424,,,0,17,"0,17"
H01CBA05P_95324,4.546105638,25233,H01CBA05P,2021-04-11T05:42:59,95324,CS002-2-1618118012311,,,0,14,"0,14"
H01CBA06P_95088,3.991518217,25140.5,H01CBA06P,2021-04-11T05:43:38,95088,CS002-3-1618117995424,,,0,18,"0,18"
H01CBA02P_95205,4.490466009,25545,H01CBA02P,2021-04-11T05:44:18,95205,CS002-1-1618118000086,,,0,15,"0,15"
H01CBA06P_95089,3.967177707,25294.5,H01CBA06P,2021-04-11T05:44:57,95089,CS002-3-1618117995424,,,0,19,"0,19"
H01CBA05P_95325,4.490466009,25545,H01CBA05P,2021-04-11T05:45:36,95325,CS002-2-1618118012311,,,0,15,"0,15"
H01CBA02P_95206,4.525348107,25348.5,H01CBA02P,2021-04-11T05:46:14,95206,CS002-1-1618118000086,,,0,16,"0,16"
H01CBA06P_95090,3.979310711,25217.5,H01CBA06P,2021-04-11T05:46:53,95090,CS002-3-1618117995424,,,0,20,"0,20"
H01CBA05P_95326,4.518114354,25389,H01CBA05P,2021-04-11T05:47:32,95326,CS002-2-1618118012311,,,0,16,"0,16"
H01CBA02P_95207,4.483554087,25584.3,H01CBA02P,2021-04-11T05:48:10,95207,CS002-1-1618118000086,,,0,17,"0,17"
H01CBA06P_95091,3.895906686,25756.5,H01CBA06P,2021-04-11T05:48:50,95091,CS002-3-1618117995424,,,0,21,"0,21"
H01CBA05P_95327,4.490466009,25545,H01CBA05P,2021-04-11T05:49:28,95327,CS002-2-1618118012311,,,0,17,"0,17"
H01CBA06P_95092,3.955118524,25371.5,H01CBA06P,2021-04-11T05:50:07,95092,CS002-3-1618117995424,,,0,22,"0,22"
H01CBA06P_95093,3.973234939,25256,H01CBA06P,2021-04-11T05:50:53,95093,CS002-3-1618117995424,,,0,23,"0,23"
H01CBA05P_95328,4.539075318,25272,H01CBA05P,2021-04-11T05:51:31,95328,CS002-2-1618118012311,,,0,18,"0,18"
H01CBA06P_95094,3.955118524,25371.5,H01CBA06P,2021-04-11T05:52:10,95094,CS002-3-1618117995424,,,0,24,"0,24"
H01CBA05P_95329,4.449622828,25779,H01CBA05P,2021-04-11T05:52:49,95329,CS002-2-1618118012311,,,0,19,"0,19"
H01CBA06P_95095,3.919377222,25602.5,H01CBA06P,2021-04-11T05:53:28,95095,CS002-3-1618117995424,,,0,25,"0,25"
H01CBA05P_95330,4.553157793,25194,H01CBA05P,2021-04-11T05:54:06,95330,CS002-2-1618118012311,,,0,20,"0,20"
H01CBA05P_95331,4.525079776,25350,H01CBA05P,2021-04-11T05:54:52,95331,CS002-2-1618118012311,,,0,21,"0,21"
H01CBA05P_95332,4.518114354,25389,H01CBA05P,2021-04-11T05:55:37,95332,CS002-2-1618118012311,,,0,22,"0,22"
H01CBA05P_95333,4.553157793,25194,H01CBA05P,2021-04-11T05:56:23,95333,CS002-2-1618118012311,,,0,23,"0,23"
H01CBA02P_95208,4.539453319,25269.9,H01CBA02P,2021-04-11T05:57:01,95208,CS002-1-1618118000086,,,0,18,"0,18"
H01CBA05P_95334,4.50424771,25467,H01CBA05P,2021-04-11T05:57:39,95334,CS002-2-1618118012311,,,0,24,"0,24"
H01CBA02P_95209,4.525348107,25348.5,H01CBA02P,2021-04-11T05:58:18,95209,CS002-1-1618118000086,,,0,19,"0,19"
H01CBA06P_95096,3.949116405,25410,H01CBA06P,2021-04-11T05:59:01,95096,CS002-3-1618117995424,,,0,26,"0,26"
H01CBA05P_95335,4.539075318,25272,H01CBA05P,2021-04-11T05:59:39,95335,CS002-2-1618118012311,,,0,25,"0,25"
H01CBA02P_95210,4.462945532,25702.2,H01CBA02P,2021-04-11T06:00:18,95210,CS002-1-1618118000086,,,0,20,"0,20"
H01CBA06P_95097,4.009970677,25025,H01CBA06P,2021-04-11T06:00:58,95097,CS002-3-1618117995424,,,0,27,"0,27"
H01CBA05P_95336,4.449622828,25779,H01CBA05P,2021-04-11T06:01:36,95336,CS002-2-1618118012311,,,0,26,"0,26"
H01CBA02P_95211,4.442525754,25820.1,H01CBA02P,2021-04-11T06:02:14,95211,CS002-1-1618118000086,,,0,21,"0,21"
H01CBA06P_95098,3.997650124,25102,H01CBA06P,2021-04-11T06:02:54,95098,CS002-3-1618117995424,,,0,28,"0,28"
H01CBA05P_95337,4.469951026,25662,H01CBA05P,2021-04-11T06:03:33,95337,CS002-2-1618118012311,,,0,27,"0,27"
H01CBA02P_95212,4.525348107,25348.5,H01CBA02P,2021-04-11T06:04:11,95212,CS002-1-1618118000086,,,0,22,"0,22"
H01CBA05P_95338,4.532066731,25311,H01CBA05P,2021-04-11T06:04:49,95338,CS002-2-1618118012311,,,0,28,"0,28"
H01CBA06P_95099,3.949116405,25410,H01CBA06P,2021-04-11T06:05:28,95099,CS002-3-1618117995424,,,0,29,"0,29"
H01CBA02P_95213,4.525348107,25348.5,H01CBA02P,2021-04-11T06:06:08,95213,CS002-1-1618118000086,,,0,23,"0,23"
H01CBA05P_95339,4.553157793,25194,H01CBA05P,2021-04-11T06:06:46,95339,CS002-2-1618118012311,,,0,29,"0,29"
H01CBA06P_95100,3.955118524,25371.5,H01CBA06P,2021-04-11T06:07:24,95100,CS002-3-1618117995424,,,1,0,"1,0"
H01CBA02P_95214,4.532389727,25309.2,H01CBA02P,2021-04-11T06:08:04,95214,CS002-1-1618118000086,,,0,24,"0,24"
H01CBA05P_95340,6.892379612,24999,H01CBA05P,2021-04-11T06:08:41,95340,CS002-2-1618118012311,,,1,0,"1,0"
H01CBA06P_95101,3.96113893,25333,H01CBA06P,2021-04-11T06:09:20,95101,CS002-3-1618117995424,,,1,1,"1,1"
H01CBA02P_95215,4.483554087,25584.3,H01CBA02P,2021-04-11T06:10:00,95215,CS002-1-1618118000086,,,0,25,"0,25"
H01CBA05P_95341,4.490466009,25545,H01CBA05P,2021-04-11T06:10:36,95341,CS002-2-1618118012311,,,1,1,"1,1"
H01CBA06P_95102,3.973234939,25256,H01CBA06P,2021-04-11T06:11:15,95102,CS002-3-1618117995424,,,1,2,"1,2"
H01CBA02P_95216,4.546538986,25230.6,H01CBA02P,2021-04-11T06:11:55,95216,CS002-1-1618118000086,,,0,26,"0,26"
H01CBA05P_95342,4.546105638,25233,H01CBA05P,2021-04-11T06:12:32,95342,CS002-2-1618118012311,,,1,2,"1,2"
H01CBA06P_95103,3.907606684,25679.5,H01CBA06P,2021-04-11T06:13:10,95103,CS002-3-1618117995424,,,1,3,"1,3"
H01CBA02P_95217,4.504354051,25466.4,H01CBA02P,2021-04-11T06:13:50,95217,CS002-1-1618118000086,,,0,27,"0,27"
H01CBA05P_95343,4.511170365,25428,H01CBA05P,2021-04-11T06:14:27,95343,CS002-2-1618118012311,,,1,3,"1,3"
H01CBA02P_95218,4.532389727,25309.2,H01CBA02P,2021-04-11T06:15:06,95218,CS002-1-1618118000086,,,0,28,"0,28"
H01CBA05P_95344,4.49734629,25506,H01CBA05P,2021-04-11T06:15:42,95344,CS002-2-1618118012311,,,1,4,"1,4"
H01CBA02P_95219,4.560776957,25152,H01CBA02P,2021-04-11T06:16:21,95219,CS002-1-1618118000086,,,0,29,"0,29"
H01CBA05P_95345,4.511170365,25428,H01CBA05P,2021-04-11T06:16:58,95345,CS002-2-1618118012311,,,1,5,"1,5"
H01CBA02P_95220,4.532389727,25309.2,H01CBA02P,2021-04-11T06:17:36,95220,CS002-1-1618118000086,,,1,0,"1,0"
H01CBA05P_95346,4.511170365,25428,H01CBA05P,2021-04-11T06:18:13,95346,CS002-2-1618118012311,,,1,6,"1,6"
H01CBA02P_95221,4.476663432,25623.6,H01CBA02P,2021-04-11T06:18:51,95221,CS002-1-1618118000086,,,1,1,"1,1"
H01CBA05P_95347,4.532066731,25311,H01CBA05P,2021-04-11T06:19:27,95347,CS002-2-1618118012311,,,1,7,"1,7"
H01CBA02P_95222,4.497399297,25505.7,H01CBA02P,2021-04-11T06:20:06,95222,CS002-1-1618118000086,,,1,2,"1,2"
H01CBA05P_95348,4.525079776,25350,H01CBA05P,2021-04-11T06:20:42,95348,CS002-2-1618118012311,,,1,8,"1,8"
H01CBA02P_95223,4.560776957,25152,H01CBA02P,2021-04-11T06:21:21,95223,CS002-1-1618118000086,,,1,3,"1,3"
H01CBA05P_95349,4.525079776,25350,H01CBA05P,2021-04-11T06:21:58,95349,CS002-2-1618118012311,,,1,9,"1,9"
H01CBA02P_95224,4.442525754,25820.1,H01CBA02P,2021-04-11T06:22:36,95224,CS002-1-1618118000086,,,1,4,"1,4"
H01CBA05P_95350,4.525079776,25350,H01CBA05P,2021-04-11T06:23:13,95350,CS002-2-1618118012311,,,1,10,"1,10"
H01CBA02P_95225,4.532389727,25309.2,H01CBA02P,2021-04-11T06:23:51,95225,CS002-1-1618118000086,,,1,5,"1,5"
H01CBA05P_95351,4.567328016,25116,H01CBA05P,2021-04-11T06:24:28,95351,CS002-2-1618118012311,,,1,11,"1,11"
H01CBA02P_95226,4.497399297,25505.7,H01CBA02P,2021-04-11T06:25:06,95226,CS002-1-1618118000086,,,1,6,"1,6"
H01CBA05P_95352,4.518114354,25389,H01CBA05P,2021-04-11T06:25:44,95352,CS002-2-1618118012311,,,1,12,"1,12"
H01CBA02P_95227,4.497399297,25505.7,H01CBA02P,2021-04-11T06:26:22,95227,CS002-1-1618118000086,,,1,7,"1,7"
H01CBA05P_95353,4.449622828,25779,H01CBA05P,2021-04-11T06:26:59,95353,CS002-2-1618118012311,,,1,13,"1,13"
H01CBA02P_95228,4.518328355,25387.8,H01CBA02P,2021-04-11T06:27:37,95228,CS002-1-1618118000086,,,1,8,"1,8"
H01CBA05P_95354,4.525079776,25350,H01CBA05P,2021-04-11T06:28:14,95354,CS002-2-1618118012311,,,1,14,"1,14"
H01CBA02P_95229,4.504354051,25466.4,H01CBA02P,2021-04-11T06:28:53,95229,CS002-1-1618118000086,,,1,9,"1,9"
H01CBA06P_95104,3.931218942,25525.5,H01CBA06P,2021-04-11T06:29:35,95104,CS002-3-1618117995424,,,1,4,"1,4"
H01CBA05P_95355,4.511170365,25428,H01CBA05P,2021-04-11T06:30:13,95355,CS002-2-1618118012311,,,1,15,"1,15"
H01CBA06P_95105,3.96113893,25333,H01CBA06P,2021-04-11T06:30:51,95105,CS002-3-1618117995424,,,1,5,"1,5"
H01CBA05P_95356,4.49734629,25506,H01CBA05P,2021-04-11T06:31:29,95356,CS002-2-1618118012311,,,1,16,"1,16"
H01CBA02P_95231,4.525348107,25348.5,H01CBA02P,2021-04-11T06:32:32,95231,CS002-1-1618118000086,,,1,11,"1,11"
H01CBA06P_95106,3.96113893,25333,H01CBA06P,2021-04-11T06:33:11,95106,CS002-3-1618117995424,,,1,6,"1,6"
H01CBA05P_95357,4.511170365,25428,H01CBA05P,2021-04-11T06:33:50,95357,CS002-2-1618118012311,,,1,17,"1,17"
H01CBA02P_95233,4.469793946,25662.9,H01CBA02P,2021-04-11T06:34:53,95233,CS002-1-1618118000086,,,1,13,"1,13"
H01CBA06P_95107,3.931218942,25525.5,H01CBA06P,2021-04-11T06:35:32,95107,CS002-3-1618117995424,,,1,7,"1,7"
H01CBA05P_95359,15.82957375,21996,H01CBA05P,2021-04-11T06:36:34,95359,CS002-2-1618118012311,,,1,19,"1,19"
H01CBA02P_95235,4.560776957,25152,H01CBA02P,2021-04-11T06:37:38,95235,CS002-1-1618118000086,,,1,15,"1,15"
H01CBA06P_95108,3.973234939,25256,H01CBA06P,2021-04-11T06:38:17,95108,CS002-3-1618117995424,,,1,8,"1,8"
H01CBA05P_95360,4.518114354,25389,H01CBA05P,2021-04-11T06:38:55,95360,CS002-2-1618118012311,,,1,20,"1,20"
H01CBA02P_95237,4.518328355,25387.8,H01CBA02P,2021-04-11T06:39:58,95237,CS002-1-1618118000086,,,1,17,"1,17"
H01CBA05P_95361,4.532066731,25311,H01CBA05P,2021-04-11T06:40:36,95361,CS002-2-1618118012311,,,1,21,"1,21"
H01CBA02P_95239,4.518328355,25387.8,H01CBA02P,2021-04-11T06:41:39,95239,CS002-1-1618118000086,,,1,19,"1,19"
H01CBA05P_95362,4.483606769,25584,H01CBA05P,2021-04-11T06:42:16,95362,CS002-2-1618118012311,,,1,22,"1,22"
H01CBA06P_95109,3.955118524,25371.5,H01CBA06P,2021-04-11T06:42:55,95109,CS002-3-1618117995424,,,1,9,"1,9"
H01CBA02P_95240,4.532389727,25309.2,H01CBA02P,2021-04-11T06:43:34,95240,CS002-1-1618118000086,,,1,20,"1,20"
H01CBA05P_95363,6.924947281,24882,H01CBA05P,2021-04-11T06:44:12,95363,CS002-2-1618118012311,,,1,23,"1,23"
H01CBA02P_95241,4.539453319,25269.9,H01CBA02P,2021-04-11T06:44:50,95241,CS002-1-1618118000086,,,1,21,"1,21"
H01CBA06P_95110,3.979310711,25217.5,H01CBA06P,2021-04-11T06:45:29,95110,CS002-3-1618117995424,,,1,10,"1,10"
H01CBA02P_95242,4.462945532,25702.2,H01CBA02P,2021-04-11T06:46:09,95242,CS002-1-1618118000086,,,1,22,"1,22"
H01CBA06P_95111,3.949116405,25410,H01CBA06P,2021-04-11T06:46:48,95111,CS002-3-1618117995424,,,1,11,"1,11"
H01CBA02P_95243,4.546538986,25230.6,H01CBA02P,2021-04-11T06:47:28,95243,CS002-1-1618118000086,,,1,23,"1,23"
H01CBA06P_95112,3.967177707,25294.5,H01CBA06P,2021-04-11T06:48:07,95112,CS002-3-1618117995424,,,1,12,"1,12"
H01CBA05P_95364,4.49734629,25506,H01CBA05P,2021-04-11T06:48:45,95364,CS002-2-1618118012311,,,1,24,"1,24"
H01CBA02P_95245,4.449311532,25780.8,H01CBA02P,2021-04-11T06:49:48,95245,CS002-1-1618118000086,,,1,25,"1,25"
H01CBA02P_95247,4.462945532,25702.2,H01CBA02P,2021-04-11T06:51:01,95247,CS002-1-1618118000086,,,1,27,"1,27"
H01CBA05P_95365,4.539075318,25272,H01CBA05P,2021-04-11T06:51:38,95365,CS002-2-1618118012311,,,1,25,"1,25"
H01CBA02P_95248,4.504354051,25466.4,H01CBA02P,2021-04-11T06:52:16,95248,CS002-1-1618118000086,,,1,28,"1,28"
H01CBA02P_95250,4.504354051,25466.4,H01CBA02P,2021-04-11T06:53:27,95250,CS002-1-1618118000086,,,2,0,"2,0"
H01CBA06P_95113,3.973234939,25256,H01CBA06P,2021-04-11T06:54:07,95113,CS002-3-1618117995424,,,1,13,"1,13"
H01CBA05P_95366,4.49734629,25506,H01CBA05P,2021-04-11T06:54:45,95366,CS002-2-1618118012311,,,1,26,"1,26"
H01CBA02P_95252,4.532389727,25309.2,H01CBA02P,2021-04-11T06:55:48,95252,CS002-1-1618118000086,,,2,2,"2,2"
H01CBA05P_95367,4.456378298,25740,H01CBA05P,2021-04-11T06:56:25,95367,CS002-2-1618118012311,,,1,27,"1,27"
H01CBA02P_95255,4.546538986,25230.6,H01CBA02P,2021-04-11T06:57:53,95255,CS002-1-1618118000086,,,2,5,"2,5"
H01CBA05P_95368,4.525079776,25350,H01CBA05P,2021-04-11T06:58:30,95368,CS002-2-1618118012311,,,1,28,"1,28"
H01CBA06P_95114,3.96113893,25333,H01CBA06P,2021-04-11T06:59:09,95114,CS002-3-1618117995424,,,1,14,"1,14"
H01CBA02P_95257,4.518328355,25387.8,H01CBA02P,2021-04-11T07:00:13,95257,CS002-1-1618118000086,,,2,7,"2,7"
H01CBA05P_95369,4.511170365,25428,H01CBA05P,2021-04-11T07:00:51,95369,CS002-2-1618118012311,,,1,29,"1,29"
H01CBA06P_95115,3.907606684,25679.5,H01CBA06P,2021-04-11T07:01:29,95115,CS002-3-1618117995424,,,1,15,"1,15"
H01CBA02P_95261,4.518328355,25387.8,H01CBA02P,2021-04-11T07:03:22,95261,CS002-1-1618118000086,,,2,11,"2,11"
H01CBA06P_95116,3.979310711,25217.5,H01CBA06P,2021-04-11T07:04:01,95116,CS002-3-1618117995424,,,1,16,"1,16"
H01CBA05P_95370,4.476768473,25623,H01CBA05P,2021-04-11T07:04:39,95370,CS002-2-1618118012311,,,2,0,"2,0"
H01CBA02P_95263,4.51133037,25427.1,H01CBA02P,2021-04-11T07:05:41,95263,CS002-1-1618118000086,,,2,13,"2,13"
H01CBA06P_95117,3.937166696,25487,H01CBA06P,2021-04-11T07:06:20,95117,CS002-3-1618117995424,,,1,17,"1,17"
H01CBA05P_95371,4.532066731,25311,H01CBA05P,2021-04-11T07:06:58,95371,CS002-2-1618118012311,,,2,1,"2,1"
H01CBA02P_95265,4.57510448,25073.4,H01CBA02P,2021-04-11T07:08:01,95265,CS002-1-1618118000086,,,2,15,"2,15"
H01CBA05P_95372,4.50424771,25467,H01CBA05P,2021-04-11T07:08:37,95372,CS002-2-1618118012311,,,2,2,"2,2"
H01CBA02P_95267,4.51133037,25427.1,H01CBA02P,2021-04-11T07:09:40,95267,CS002-1-1618118000086,,,2,17,"2,17"
H01CBA05P_95373,4.553157793,25194,H01CBA05P,2021-04-11T07:10:17,95373,CS002-2-1618118012311,,,2,3,"2,3"
H01CBA02P_95269,4.560776957,25152,H01CBA02P,2021-04-11T07:11:20,95269,CS002-1-1618118000086,,,2,19,"2,19"
H01CBA05P_95374,4.49734629,25506,H01CBA05P,2021-04-11T07:11:57,95374,CS002-2-1618118012311,,,2,4,"2,4"
H01CBA06P_95118,3.985405109,25179,H01CBA06P,2021-04-11T07:12:35,95118,CS002-3-1618117995424,,,1,18,"1,18"
H01CBA02P_95270,4.532389727,25309.2,H01CBA02P,2021-04-11T07:13:15,95270,CS002-1-1618118000086,,,2,20,"2,20"
H01CBA05P_95375,4.532066731,25311,H01CBA05P,2021-04-11T07:13:52,95375,CS002-2-1618118012311,,,2,5,"2,5"
H01CBA02P_95272,4.546538986,25230.6,H01CBA02P,2021-04-11T07:14:55,95272,CS002-1-1618118000086,,,2,22,"2,22"
H01CBA06P_95119,3.985405109,25179,H01CBA06P,2021-04-11T07:15:34,95119,CS002-3-1618117995424,,,1,19,"1,19"
H01CBA05P_95377,4.532066731,25311,H01CBA05P,2021-04-11T07:16:35,95377,CS002-2-1618118012311,,,2,7,"2,7"
H01CBA02P_95274,4.55364683,25191.3,H01CBA02P,2021-04-11T07:17:38,95274,CS002-1-1618118000086,,,2,24,"2,24"
H01CBA06P_95120,3.979310711,25217.5,H01CBA06P,2021-04-11T07:18:17,95120,CS002-3-1618117995424,,,1,20,"1,20"
H01CBA05P_95378,4.456378298,25740,H01CBA05P,2021-04-11T07:18:55,95378,CS002-2-1618118012311,,,2,8,"2,8"
H01CBA02P_95276,4.532389727,25309.2,H01CBA02P,2021-04-11T07:19:58,95276,CS002-1-1618118000086,,,2,26,"2,26"
H01CBA05P_95379,4.463154333,25701,H01CBA05P,2021-04-11T07:20:34,95379,CS002-2-1618118012311,,,2,9,"2,9"
H01CBA06P_95121,3.997650124,25102,H01CBA06P,2021-04-11T07:21:14,95121,CS002-3-1618117995424,,,1,21,"1,21"
H01CBA05P_95380,4.539075318,25272,H01CBA05P,2021-04-11T07:21:51,95380,CS002-2-1618118012311,,,2,10,"2,10"
H01CBA06P_95122,3.985405109,25179,H01CBA06P,2021-04-11T07:22:30,95122,CS002-3-1618117995424,,,1,22,"1,22"
H01CBA05P_95381,4.539075318,25272,H01CBA05P,2021-04-11T07:23:08,95381,CS002-2-1618118012311,,,2,11,"2,11"
H01CBA06P_95123,3.973234939,25256,H01CBA06P,2021-04-11T07:23:47,95123,CS002-3-1618117995424,,,1,23,"1,23"
H01CBA05P_95382,4.49734629,25506,H01CBA05P,2021-04-11T07:24:25,95382,CS002-2-1618118012311,,,2,12,"2,12"
H01CBA06P_95124,3.955118524,25371.5,H01CBA06P,2021-04-11T07:25:03,95124,CS002-3-1618117995424,,,1,24,"1,24"
H01CBA02P_95278,9.604976022,23973,H01CBA02P,2021-04-11T07:26:08,95278,CS002-1-1618118000086,,,2,28,"2,28"
H01CBA05P_95383,4.490466009,25545,H01CBA05P,2021-04-11T07:26:44,95383,CS002-2-1618118012311,,,2,13,"2,13"
H01CBA06P_95125,3.949116405,25410,H01CBA06P,2021-04-11T07:27:24,95125,CS002-3-1618117995424,,,1,25,"1,25"
H01CBA02P_95281,4.546538986,25230.6,H01CBA02P,2021-04-11T07:28:53,95281,CS002-1-1618118000086,,,3,1,"3,1"
H01CBA05P_95384,4.532066731,25311,H01CBA05P,2021-04-11T07:29:29,95384,CS002-2-1618118012311,,,2,14,"2,14"
H01CBA06P_95126,3.979310711,25217.5,H01CBA06P,2021-04-11T07:30:09,95126,CS002-3-1618117995424,,,1,26,"1,26"
H01CBA02P_95282,4.51133037,25427.1,H01CBA02P,2021-04-11T07:30:48,95282,CS002-1-1618118000086,,,3,2,"3,2"
H01CBA05P_95385,4.518114354,25389,H01CBA05P,2021-04-11T07:31:24,95385,CS002-2-1618118012311,,,2,15,"2,15"
H01CBA02P_95284,4.55364683,25191.3,H01CBA02P,2021-04-11T07:32:27,95284,CS002-1-1618118000086,,,3,4,"3,4"
H01CBA05P_95386,4.532066731,25311,H01CBA05P,2021-04-11T07:33:04,95386,CS002-2-1618118012311,,,2,16,"2,16"
H01CBA02P_95286,4.546538986,25230.6,H01CBA02P,2021-04-11T07:34:06,95286,CS002-1-1618118000086,,,3,6,"3,6"
H01CBA05P_95387,4.518114354,25389,H01CBA05P,2021-04-11T07:34:43,95387,CS002-2-1618118012311,,,2,17,"2,17"
H01CBA02P_95289,4.449311532,25780.8,H01CBA02P,2021-04-11T07:36:10,95289,CS002-1-1618118000086,,,3,9,"3,9"
H01CBA05P_95388,4.511170365,25428,H01CBA05P,2021-04-11T07:36:47,95388,CS002-2-1618118012311,,,2,18,"2,18"
H01CBA02P_95292,4.504354051,25466.4,H01CBA02P,2021-04-11T07:38:14,95292,CS002-1-1618118000086,,,3,12,"3,12"
H01CBA05P_95389,4.532066731,25311,H01CBA05P,2021-04-11T07:38:51,95389,CS002-2-1618118012311,,,2,19,"2,19"
H01CBA02P_95294,4.532389727,25309.2,H01CBA02P,2021-04-11T07:39:54,95294,CS002-1-1618118000086,,,3,14,"3,14"
H01CBA05P_95390,4.483606769,25584,H01CBA05P,2021-04-11T07:40:31,95390,CS002-2-1618118012311,,,2,20,"2,20"
H01CBA06P_95126,3.973234939,25256,H01CBA06P,2021-04-11T07:40:49,95126,CS002-3-1618117995424,,,1,26,"1,26"
H01CBA02P_95296,4.567929472,25112.7,H01CBA02P,2021-04-11T07:41:53,95296,CS002-1-1618118000086,,,3,16,"3,16"
H01CBA05P_95391,4.49734629,25506,H01CBA05P,2021-04-11T07:42:30,95391,CS002-2-1618118012311,,,2,21,"2,21"
H01CBA06P_95127,3.937166696,25487,H01CBA06P,2021-04-11T07:43:09,95127,CS002-3-1618117995424,,,1,27,"1,27"
H01CBA02P_95298,4.456118092,25741.5,H01CBA02P,2021-04-11T07:44:13,95298,CS002-1-1618118000086,,,3,18,"3,18"
H01CBA06P_95128,3.931218942,25525.5,H01CBA06P,2021-04-11T07:44:52,95128,CS002-3-1618117995424,,,1,28,"1,28"
H01CBA05P_95392,4.511170365,25428,H01CBA05P,2021-04-11T07:45:30,95392,CS002-2-1618118012311,,,2,22,"2,22"
H01CBA02P_95299,4.546538986,25230.6,H01CBA02P,2021-04-11T07:46:07,95299,CS002-1-1618118000086,,,3,19,"3,19"
H01CBA06P_95129,3.949116405,25410,H01CBA06P,2021-04-11T07:46:47,95129,CS002-3-1618117995424,,,1,29,"1,29"
H01CBA05P_95393,4.490466009,25545,H01CBA05P,2021-04-11T07:47:25,95393,CS002-2-1618118012311,,,2,23,"2,23"
H01CBA02P_95301,4.51133037,25427.1,H01CBA02P,2021-04-11T07:48:28,95301,CS002-1-1618118000086,,,3,21,"3,21"
H01CBA06P_95130,3.94313249,25448.5,H01CBA06P,2021-04-11T07:49:07,95130,CS002-3-1618117995424,,,2,0,"2,0"
H01CBA05P_95394,4.539075318,25272,H01CBA05P,2021-04-11T07:49:44,95394,CS002-2-1618118012311,,,2,24,"2,24"
H01CBA02P_95303,4.51133037,25427.1,H01CBA02P,2021-04-11T07:50:47,95303,CS002-1-1618118000086,,,3,23,"3,23"
H01CBA05P_95395,4.469951026,25662,H01CBA05P,2021-04-11T07:51:24,95395,CS002-2-1618118012311,,,2,25,"2,25"
H01CBA06P_95130,3.949116405,25410,H01CBA06P,2021-04-11T07:51:42,95130,CS002-3-1618117995424,,,2,0,"2,0"
H01CBA05P_95396,6.946831013,24804,H01CBA05P,2021-04-11T07:52:20,95396,CS002-2-1618118012311,,,2,26,"2,26"
H01CBA06P_95131,3.901747907,25718,H01CBA06P,2021-04-11T07:52:58,95131,CS002-3-1618117995424,,,2,1,"2,1"
H01CBA05P_95397,4.463154333,25701,H01CBA05P,2021-04-11T07:53:45,95397,CS002-2-1618118012311,,,2,27,"2,27"
H01CBA06P_95131,3.901747907,25718,H01CBA06P,2021-04-11T07:54:03,95131,CS002-3-1618117995424,,,2,1,"2,1"
H01CBA05P_95398,4.518114354,25389,H01CBA05P,2021-04-11T07:55:44,95398,CS002-2-1618118012311,,,2,28,"2,28"
H01CBA06P_95131,3.895906686,25756.5,H01CBA06P,2021-04-11T07:56:01,95131,CS002-3-1618117995424,,,2,1,"2,1"
H01CBA05P_95399,4.532066731,25311,H01CBA05P,2021-04-11T07:56:46,95399,CS002-2-1618118012311,,,2,29,"2,29"
H01CBA06P_95132,3.967177707,25294.5,H01CBA06P,2021-04-11T07:57:24,95132,CS002-3-1618117995424,,,2,2,"2,2"
H01CBA05P_95400,4.567328016,25116,H01CBA05P,2021-04-11T07:58:02,95400,CS002-2-1618118012311,,,3,0,"3,0"
H01CBA06P_95133,3.931218942,25525.5,H01CBA06P,2021-04-11T07:58:40,95133,CS002-3-1618117995424,,,2,3,"2,3"
H01CBA05P_95401,4.532066731,25311,H01CBA05P,2021-04-11T07:59:18,95401,CS002-2-1618118012311,,,3,1,"3,1"
H01CBA05P_95402,4.553157793,25194,H01CBA05P,2021-04-11T08:00:03,95402,CS002-2-1618118012311,,,3,2,"3,2"
H01CBA02P_95305,4.539453319,25269.9,H01CBA02P,2021-04-11T08:01:05,95305,CS002-1-1618118000086,,,3,25,"3,25"
H01CBA02P_95307,4.497399297,25505.7,H01CBA02P,2021-04-11T08:02:17,95307,CS002-1-1618118000086,,,3,27,"3,27"
H01CBA02P_95309,4.539453319,25269.9,H01CBA02P,2021-04-11T08:03:28,95309,CS002-1-1618118000086,,,3,29,"3,29"
H01CBA05P_95403,4.50424771,25467,H01CBA05P,2021-04-11T08:07:45,95403,CS002-2-1618118012311,,,3,3,"3,3"
H01CBA05P_95404,4.574446289,25077,H01CBA05P,2021-04-11T08:08:32,95404,CS002-2-1618118012311,,,3,4,"3,4"
H01CBA05P_95405,4.469951026,25662,H01CBA05P,2021-04-11T08:09:18,95405,CS002-2-1618118012311,,,3,5,"3,5"
H01CBA05P_95406,4.50424771,25467,H01CBA05P,2021-04-11T08:10:04,95406,CS002-2-1618118012311,,,3,6,"3,6"
H01CBA05P_95406,4.518114354,25389,H01CBA05P,2021-04-11T08:13:41,95406,CS002-2-1618118012311,,,3,6,"3,6"
H01CBA06P_95682,4.548905798,25217.5,H01CBA06P,2021-04-11T10:13:42,95682,CS002-3-1618135392152,,,0,12,"0,12"
H01CBA02P_95552,4.532389727,25309.2,H01CBA02P,2021-04-11T10:14:23,95552,CS002-1-1618135383829,,,0,2,"0,2"
H01CBA06P_95683,4.514372626,25410,H01CBA06P,2021-04-11T10:15:03,95683,CS002-3-1618135392152,,,0,13,"0,13"
H01CBA02P_95553,4.567929472,25112.7,H01CBA02P,2021-04-11T10:15:43,95553,CS002-1-1618135383829,,,0,3,"0,3"
H01CBA06P_95684,4.555875996,25179,H01CBA06P,2021-04-11T10:16:21,95684,CS002-3-1618135392152,,,0,14,"0,14"
H01CBA06P_95685,4.555875996,25179,H01CBA06P,2021-04-11T10:17:09,95685,CS002-3-1618135392152,,,0,15,"0,15"
H01CBA06P_95686,4.50752888,25448.5,H01CBA06P,2021-04-11T10:17:56,95686,CS002-3-1618135392152,,,0,16,"0,16"
H01CBA06P_95687,4.528122719,25333,H01CBA06P,2021-04-11T10:18:44,95687,CS002-3-1618135392152,,,0,17,"0,17"
H01CBA06P_95688,4.548905798,25217.5,H01CBA06P,2021-04-11T10:19:31,95688,CS002-3-1618135392152,,,0,18,"0,18"
H01CBA06P_95689,4.500705874,25487,H01CBA06P,2021-04-11T10:20:19,95689,CS002-3-1618135392152,,,0,19,"0,19"
H01CBA06P_95690,4.535029256,25294.5,H01CBA06P,2021-04-11T10:21:07,95690,CS002-3-1618135392152,,,0,20,"0,20"
H01CBA06P_95691,4.514372626,25410,H01CBA06P,2021-04-11T10:21:55,95691,CS002-3-1618135392152,,,0,21,"0,21"
H01CBA06P_95692,4.541956917,25256,H01CBA06P,2021-04-11T10:22:42,95692,CS002-3-1618135392152,,,0,22,"0,22"
H01CBA06P_95693,4.535029256,25294.5,H01CBA06P,2021-04-11T10:23:30,95693,CS002-3-1618135392152,,,0,23,"0,23"
H01CBA06P_95694,4.555875996,25179,H01CBA06P,2021-04-11T10:24:18,95694,CS002-3-1618135392152,,,0,24,"0,24"
H01CBA06P_95695,4.528122719,25333,H01CBA06P,2021-04-11T10:25:05,95695,CS002-3-1618135392152,,,0,25,"0,25"
H01CBA02P_95554,4.483554087,25584.3,H01CBA02P,2021-04-11T10:25:45,95554,CS002-1-1618135383829,,,0,4,"0,4"
H01CBA06P_95696,4.521237207,25371.5,H01CBA06P,2021-04-11T10:26:25,95696,CS002-3-1618135392152,,,0,26,"0,26"
H01CBA06P_95697,4.535029256,25294.5,H01CBA06P,2021-04-11T10:27:13,95697,CS002-3-1618135392152,,,0,27,"0,27"
H01CBA06P_95698,4.562867611,25140.5,H01CBA06P,2021-04-11T10:28:00,95698,CS002-3-1618135392152,,,0,28,"0,28"
H01CBA06P_95699,4.521237207,25371.5,H01CBA06P,2021-04-11T10:28:48,95699,CS002-3-1618135392152,,,0,29,"0,29"
H01CBA02P_95555,4.518328355,25387.8,H01CBA02P,2021-04-11T10:29:28,95555,CS002-1-1618135383829,,,0,5,"0,5"
H01CBA06P_95700,4.45351771,25756.5,H01CBA06P,2021-04-11T10:30:07,95700,CS002-3-1618135392152,,,1,0,"1,0"
H01CBA06P_95701,4.50752888,25448.5,H01CBA06P,2021-04-11T10:30:54,95701,CS002-3-1618135392152,,,1,1,"1,1"
H01CBA06P_95702,4.50752888,25448.5,H01CBA06P,2021-04-11T10:31:41,95702,CS002-3-1618135392152,,,1,2,"1,2"
H01CBA06P_95703,4.535029256,25294.5,H01CBA06P,2021-04-11T10:32:28,95703,CS002-3-1618135392152,,,1,3,"1,3"
H01CBA06P_95704,4.500705874,25487,H01CBA06P,2021-04-11T10:33:15,95704,CS002-3-1618135392152,,,1,4,"1,4"
H01CBA02P_95556,4.518328355,25387.8,H01CBA02P,2021-04-11T10:33:55,95556,CS002-1-1618135383829,,,0,6,"0,6"
H01CBA06P_95705,4.514372626,25410,H01CBA06P,2021-04-11T10:34:34,95705,CS002-3-1618135392152,,,1,5,"1,5"
H01CBA06P_95706,4.500705874,25487,H01CBA06P,2021-04-11T10:35:47,95706,CS002-3-1618135392152,,,1,6,"1,6"
H01CBA06P_95707,4.548905798,25217.5,H01CBA06P,2021-04-11T10:36:34,95707,CS002-3-1618135392152,,,1,7,"1,7"
H01CBA06P_95708,4.555875996,25179,H01CBA06P,2021-04-11T10:37:21,95708,CS002-3-1618135392152,,,1,8,"1,8"
H01CBA06P_95709,4.548905798,25217.5,H01CBA06P,2021-04-11T10:38:09,95709,CS002-3-1618135392152,,,1,9,"1,9"
H01CBA06P_95710,4.535029256,25294.5,H01CBA06P,2021-04-11T10:38:56,95710,CS002-3-1618135392152,,,1,10,"1,10"
H01CBA06P_95711,4.548905798,25217.5,H01CBA06P,2021-04-11T10:39:43,95711,CS002-3-1618135392152,,,1,11,"1,11"
H01CBA02P_95557,4.518328355,25387.8,H01CBA02P,2021-04-11T10:40:23,95557,CS002-1-1618135383829,,,0,7,"0,7"
H01CBA06P_95712,4.493903514,25525.5,H01CBA06P,2021-04-11T10:41:01,95712,CS002-3-1618135392152,,,1,12,"1,12"
H01CBA06P_95713,4.541956917,25256,H01CBA06P,2021-04-11T10:41:49,95713,CS002-3-1618135392152,,,1,13,"1,13"
H01CBA06P_95714,4.466898667,25679.5,H01CBA06P,2021-04-11T10:42:36,95714,CS002-3-1618135392152,,,1,14,"1,14"
H01CBA06P_95715,4.528122719,25333,H01CBA06P,2021-04-11T10:43:24,95715,CS002-3-1618135392152,,,1,15,"1,15"
H01CBA06P_95716,4.528122719,25333,H01CBA06P,2021-04-11T10:44:11,95716,CS002-3-1618135392152,,,1,16,"1,16"
H01CBA06P_95717,4.535029256,25294.5,H01CBA06P,2021-04-11T10:44:58,95717,CS002-3-1618135392152,,,1,17,"1,17"
H01CBA06P_95718,4.50752888,25448.5,H01CBA06P,2021-04-11T10:45:46,95718,CS002-3-1618135392152,,,1,18,"1,18"
H01CBA02P_95558,4.490466009,25545,H01CBA02P,2021-04-11T10:46:26,95558,CS002-1-1618135383829,,,0,8,"0,8"
H01CBA06P_95719,4.541956917,25256,H01CBA06P,2021-04-11T10:47:05,95719,CS002-3-1618135392152,,,1,19,"1,19"
H01CBA06P_95720,4.50752888,25448.5,H01CBA06P,2021-04-11T10:47:53,95720,CS002-3-1618135392152,,,1,20,"1,20"
H01CBA06P_95721,4.535029256,25294.5,H01CBA06P,2021-04-11T10:48:41,95721,CS002-3-1618135392152,,,1,21,"1,21"
H01CBA06P_95722,4.493903514,25525.5,H01CBA06P,2021-04-11T10:49:28,95722,CS002-3-1618135392152,,,1,22,"1,22"
H01CBA06P_95723,4.521237207,25371.5,H01CBA06P,2021-04-11T10:50:16,95723,CS002-3-1618135392152,,,1,23,"1,23"
H01CBA05P_95790,4.539075318,25272,H01CBA05P,2021-04-11T10:50:34,95790,CS002-2-1618137988605,,,0,0,"0,0"
H01CBA06P_95724,4.528122719,25333,H01CBA06P,2021-04-11T10:51:13,95724,CS002-3-1618135392152,,,1,24,"1,24"
H01CBA06P_95725,4.500705874,25487,H01CBA06P,2021-04-11T10:52:00,95725,CS002-3-1618135392152,,,1,25,"1,25"
H01CBA06P_95726,4.535029256,25294.5,H01CBA06P,2021-04-11T10:52:48,95726,CS002-3-1618135392152,,,1,26,"1,26"
H01CBA06P_95727,4.535029256,25294.5,H01CBA06P,2021-04-11T10:53:35,95727,CS002-3-1618135392152,,,1,27,"1,27"
H01CBA06P_95728,4.514372626,25410,H01CBA06P,2021-04-11T10:54:23,95728,CS002-3-1618135392152,,,1,28,"1,28"
H01CBA02P_95559,4.469793946,25662.9,H01CBA02P,2021-04-11T10:55:03,95559,CS002-1-1618135383829,,,0,9,"0,9"
H01CBA06P_95729,4.514372626,25410,H01CBA06P,2021-04-11T10:55:43,95729,CS002-3-1618135392152,,,1,29,"1,29"
H01CBA06P_95730,4.521237207,25371.5,H01CBA06P,2021-04-11T10:56:30,95730,CS002-3-1618135392152,,,2,0,"2,0"
H01CBA06P_95731,4.562867611,25140.5,H01CBA06P,2021-04-11T10:57:16,95731,CS002-3-1618135392152,,,2,1,"2,1"
H01CBA06P_95732,4.56988074,25102,H01CBA06P,2021-04-11T10:58:03,95732,CS002-3-1618135392152,,,2,2,"2,2"
H01CBA06P_95733,4.521237207,25371.5,H01CBA06P,2021-04-11T10:58:50,95733,CS002-3-1618135392152,,,2,3,"2,3"
H01CBA06P_95734,4.50752888,25448.5,H01CBA06P,2021-04-11T10:59:37,95734,CS002-3-1618135392152,,,2,4,"2,4"
H01CBA05P_95791,4.518114354,25389,H01CBA05P,2021-04-11T11:00:21,95791,CS002-2-1618137988605,,,0,1,"0,1"
H01CBA06P_95735,4.521237207,25371.5,H01CBA06P,2021-04-11T11:00:59,95735,CS002-3-1618135392152,,,2,5,"2,5"
H01CBA02P_95560,4.490466009,25545,H01CBA02P,2021-04-11T11:01:39,95560,CS002-1-1618135383829,,,0,10,"0,10"
H01CBA06P_95736,4.480360357,25602.5,H01CBA06P,2021-04-11T11:02:17,95736,CS002-3-1618135392152,,,2,6,"2,6"
H01CBA06P_95737,4.500705874,25487,H01CBA06P,2021-04-11T11:03:04,95737,CS002-3-1618135392152,,,2,7,"2,7"
H01CBA06P_95738,4.541956917,25256,H01CBA06P,2021-04-11T11:03:51,95738,CS002-3-1618135392152,,,2,8,"2,8"
H01CBA06P_95739,4.460198142,25718,H01CBA06P,2021-04-11T11:04:39,95739,CS002-3-1618135392152,,,2,9,"2,9"
H01CBA06P_95740,4.500705874,25487,H01CBA06P,2021-04-11T11:05:26,95740,CS002-3-1618135392152,,,2,10,"2,10"
H01CBA06P_95741,4.541956917,25256,H01CBA06P,2021-04-11T11:06:13,95741,CS002-3-1618135392152,,,2,11,"2,11"
H01CBA02P_95561,4.51133037,25427.1,H01CBA02P,2021-04-11T11:06:53,95561,CS002-1-1618135383829,,,0,11,"0,11"
H01CBA06P_95742,4.535029256,25294.5,H01CBA06P,2021-04-11T11:07:32,95742,CS002-3-1618135392152,,,2,12,"2,12"
H01CBA06P_95743,4.583971944,25025,H01CBA06P,2021-04-11T11:08:20,95743,CS002-3-1618135392152,,,2,13,"2,13"
H01CBA05P_95792,4.483606769,25584,H01CBA05P,2021-04-11T11:08:58,95792,CS002-2-1618137988605,,,0,2,"0,2"
H01CBA06P_95744,4.500705874,25487,H01CBA06P,2021-04-11T11:09:36,95744,CS002-3-1618135392152,,,2,14,"2,14"
H01CBA06P_95745,4.548905798,25217.5,H01CBA06P,2021-04-11T11:10:24,95745,CS002-3-1618135392152,,,2,15,"2,15"
H01CBA06P_95746,4.500705874,25487,H01CBA06P,2021-04-11T11:11:12,95746,CS002-3-1618135392152,,,2,16,"2,16"
H01CBA06P_95747,4.521237207,25371.5,H01CBA06P,2021-04-11T11:11:59,95747,CS002-3-1618135392152,,,2,17,"2,17"
H01CBA06P_95748,4.500705874,25487,H01CBA06P,2021-04-11T11:12:46,95748,CS002-3-1618135392152,,,2,18,"2,18"
H01CBA02P_95562,4.55364683,25191.3,H01CBA02P,2021-04-11T11:13:26,95562,CS002-1-1618135383829,,,0,12,"0,12"
H01CBA06P_95749,4.493903514,25525.5,H01CBA06P,2021-04-11T11:14:05,95749,CS002-3-1618135392152,,,2,19,"2,19"
H01CBA06P_95750,4.535029256,25294.5,H01CBA06P,2021-04-11T11:14:53,95750,CS002-3-1618135392152,,,2,20,"2,20"
H01CBA06P_95751,4.487121706,25564,H01CBA06P,2021-04-11T11:15:40,95751,CS002-3-1618135392152,,,2,21,"2,21"
H01CBA06P_95752,4.541956917,25256,H01CBA06P,2021-04-11T11:16:28,95752,CS002-3-1618135392152,,,2,22,"2,22"
H01CBA06P_95753,4.521237207,25371.5,H01CBA06P,2021-04-11T11:17:16,95753,CS002-3-1618135392152,,,2,23,"2,23"
H01CBA06P_95754,4.562867611,25140.5,H01CBA06P,2021-04-11T11:18:04,95754,CS002-3-1618135392152,,,2,24,"2,24"
H01CBA06P_95755,4.514372626,25410,H01CBA06P,2021-04-11T11:18:51,95755,CS002-3-1618135392152,,,2,25,"2,25"
H01CBA06P_95756,4.493903514,25525.5,H01CBA06P,2021-04-11T11:19:39,95756,CS002-3-1618135392152,,,2,26,"2,26"
H01CBA05P_95793,4.518114354,25389,H01CBA05P,2021-04-11T11:20:23,95793,CS002-2-1618137988605,,,0,3,"0,3"
H01CBA06P_95757,4.44685728,25795,H01CBA06P,2021-04-11T11:21:02,95757,CS002-3-1618135392152,,,2,27,"2,27"
H01CBA02P_95563,4.567929472,25112.7,H01CBA02P,2021-04-11T11:21:42,95563,CS002-1-1618135383829,,,0,13,"0,13"
H01CBA06P_95758,6.928025073,24871,H01CBA06P,2021-04-11T11:22:21,95758,CS002-3-1618135392152,,,2,28,"2,28"
H01CBA06P_95759,4.562867611,25140.5,H01CBA06P,2021-04-11T11:23:09,95759,CS002-3-1618135392152,,,2,29,"2,29"
H01CBA06P_95760,4.521237207,25371.5,H01CBA06P,2021-04-11T11:23:56,95760,CS002-3-1618135392152,,,3,0,"3,0"
H01CBA06P_95761,4.514372626,25410,H01CBA06P,2021-04-11T11:24:43,95761,CS002-3-1618135392152,,,3,1,"3,1"
H01CBA06P_95762,4.500705874,25487,H01CBA06P,2021-04-11T11:25:31,95762,CS002-3-1618135392152,,,3,2,"3,2"
H01CBA06P_95763,4.528122719,25333,H01CBA06P,2021-04-11T11:26:18,95763,CS002-3-1618135392152,,,3,3,"3,3"
H01CBA06P_95764,4.521237207,25371.5,H01CBA06P,2021-04-11T11:27:05,95764,CS002-3-1618135392152,,,3,4,"3,4"
H01CBA06P_95765,4.555875996,25179,H01CBA06P,2021-04-11T11:27:53,95765,CS002-3-1618135392152,,,3,5,"3,5"
H01CBA06P_95766,4.521237207,25371.5,H01CBA06P,2021-04-11T11:28:40,95766,CS002-3-1618135392152,,,3,6,"3,6"
H01CBA02P_95564,4.490466009,25545,H01CBA02P,2021-04-11T11:29:20,95564,CS002-1-1618135383829,,,0,14,"0,14"
H01CBA06P_95767,4.521237207,25371.5,H01CBA06P,2021-04-11T11:29:59,95767,CS002-3-1618135392152,,,3,7,"3,7"
H01CBA06P_95768,4.528122719,25333,H01CBA06P,2021-04-11T11:30:46,95768,CS002-3-1618135392152,,,3,8,"3,8"
H01CBA06P_95769,4.521237207,25371.5,H01CBA06P,2021-04-11T11:31:33,95769,CS002-3-1618135392152,,,3,9,"3,9"
H01CBA06P_95770,4.521237207,25371.5,H01CBA06P,2021-04-11T11:32:20,95770,CS002-3-1618135392152,,,3,10,"3,10"
H01CBA06P_95771,4.555875996,25179,H01CBA06P,2021-04-11T11:33:07,95771,CS002-3-1618135392152,,,3,11,"3,11"
H01CBA06P_95772,4.466898667,25679.5,H01CBA06P,2021-04-11T11:33:55,95772,CS002-3-1618135392152,,,3,12,"3,12"
H01CBA02P_95565,4.539453319,25269.9,H01CBA02P,2021-04-11T11:34:35,95565,CS002-1-1618135383829,,,0,15,"0,15"
H01CBA06P_95773,4.521237207,25371.5,H01CBA06P,2021-04-11T11:35:13,95773,CS002-3-1618135392152,,,3,13,"3,13"
H01CBA05P_95794,4.49734629,25506,H01CBA05P,2021-04-11T11:35:52,95794,CS002-2-1618137988605,,,0,4,"0,4"
H01CBA06P_95774,4.44685728,25795,H01CBA06P,2021-04-11T11:36:30,95774,CS002-3-1618135392152,,,3,14,"3,14"
H01CBA06P_95775,4.535029256,25294.5,H01CBA06P,2021-04-11T11:37:18,95775,CS002-3-1618135392152,,,3,15,"3,15"
H01CBA02P_95566,4.51133037,25427.1,H01CBA02P,2021-04-11T11:37:58,95566,CS002-1-1618135383829,,,0,16,"0,16"
H01CBA06P_95776,4.562867611,25140.5,H01CBA06P,2021-04-11T11:38:37,95776,CS002-3-1618135392152,,,3,16,"3,16"
H01CBA06P_95777,4.548905798,25217.5,H01CBA06P,2021-04-11T11:39:24,95777,CS002-3-1618135392152,,,3,17,"3,17"
H01CBA06P_95778,4.440216762,25833.5,H01CBA06P,2021-04-11T11:40:12,95778,CS002-3-1618135392152,,,3,18,"3,18"
H01CBA06P_95779,4.535029256,25294.5,H01CBA06P,2021-04-11T11:40:59,95779,CS002-3-1618135392152,,,3,19,"3,19"
H01CBA06P_95780,4.487121706,25564,H01CBA06P,2021-04-11T11:41:47,95780,CS002-3-1618135392152,,,3,20,"3,20"
H01CBA06P_95781,4.535029256,25294.5,H01CBA06P,2021-04-11T11:42:34,95781,CS002-3-1618135392152,,,3,21,"3,21"
H01CBA06P_95782,4.440216762,25833.5,H01CBA06P,2021-04-11T11:43:22,95782,CS002-3-1618135392152,,,3,22,"3,22"
H01CBA02P_95567,4.483554087,25584.3,H01CBA02P,2021-04-11T11:44:03,95567,CS002-1-1618135383829,,,0,17,"0,17"
H01CBA06P_95783,4.521237207,25371.5,H01CBA06P,2021-04-11T11:44:42,95783,CS002-3-1618135392152,,,3,23,"3,23"
H01CBA05P_95795,4.518114354,25389,H01CBA05P,2021-04-11T11:45:27,95795,CS002-2-1618137988605,,,0,5,"0,5"
H01CBA06P_95784,4.555875996,25179,H01CBA06P,2021-04-11T11:46:06,95784,CS002-3-1618135392152,,,3,24,"3,24"
H01CBA06P_95785,4.50752888,25448.5,H01CBA06P,2021-04-11T11:46:53,95785,CS002-3-1618135392152,,,3,25,"3,25"
H01CBA06P_95786,4.528122719,25333,H01CBA06P,2021-04-11T11:47:41,95786,CS002-3-1618135392152,,,3,26,"3,26"
H01CBA02P_95568,4.567929472,25112.7,H01CBA02P,2021-04-11T11:48:21,95568,CS002-1-1618135383829,,,0,18,"0,18"
H01CBA06P_95787,4.514372626,25410,H01CBA06P,2021-04-11T11:49:00,95787,CS002-3-1618135392152,,,3,27,"3,27"
H01CBA06P_95788,4.535029256,25294.5,H01CBA06P,2021-04-11T11:49:47,95788,CS002-3-1618135392152,,,3,28,"3,28"
H01CBA06P_95789,4.473619374,25641,H01CBA06P,2021-04-11T11:50:35,95789,CS002-3-1618135392152,,,3,29,"3,29"
H01CBA02P_95569,4.497399297,25505.7,H01CBA02P,2021-04-11T11:53:13,95569,CS002-1-1618135383829,,,0,19,"0,19"
H01CBA02P_95570,4.504354051,25466.4,H01CBA02P,2021-04-11T11:57:41,95570,CS002-1-1618135383829,,,0,20,"0,20"
H01CBA02P_95571,4.490466009,25545,H01CBA02P,2021-04-11T12:02:27,95571,CS002-1-1618135383829,,,0,21,"0,21"
H01CBA05P_95413,4.490466009,25545,H01CBA05P,2021-04-11T09:01:08,95413,CS002-2-1618118012311,,,3,13,"3,13"
H01CBA05P_95413,4.490466009,25545,H01CBA05P,2021-04-11T09:02:29,95413,CS002-2-1618118012311,,,3,13,"3,13"
H01CBA05P_95414,4.525079776,25350,H01CBA05P,2021-04-11T09:03:16,95414,CS002-2-1618118012311,,,3,14,"3,14"
H01CBA05P_95416,4.49734629,25506,H01CBA05P,2021-04-11T09:04:26,95416,CS002-2-1618118012311,,,3,16,"3,16"
H01CBA05P_95417,4.574446289,25077,H01CBA05P,2021-04-11T09:05:12,95417,CS002-2-1618118012311,,,3,17,"3,17"
H01CBA05P_95418,4.511170365,25428,H01CBA05P,2021-04-11T09:05:59,95418,CS002-2-1618118012311,,,3,18,"3,18"
H01CBA05P_95419,4.518114354,25389,H01CBA05P,2021-04-11T09:06:46,95419,CS002-2-1618118012311,,,3,19,"3,19"
H01CBA05P_95420,4.532066731,25311,H01CBA05P,2021-04-11T09:07:32,95420,CS002-2-1618118012311,,,3,20,"3,20"
H01CBA05P_95421,4.525079776,25350,H01CBA05P,2021-04-11T09:08:18,95421,CS002-2-1618118012311,,,3,21,"3,21"
H01CBA05P_95422,4.429478871,25896,H01CBA05P,2021-04-11T09:09:04,95422,CS002-2-1618118012311,,,3,22,"3,22"
H01CBA05P_95423,4.567328016,25116,H01CBA05P,2021-04-11T09:09:51,95423,CS002-2-1618118012311,,,3,23,"3,23"
H01CBA05P_95424,4.518114354,25389,H01CBA05P,2021-04-11T09:10:38,95424,CS002-2-1618118012311,,,3,24,"3,24"
H01CBA05P_95425,4.546105638,25233,H01CBA05P,2021-04-11T09:11:25,95425,CS002-2-1618118012311,,,3,25,"3,25"
H01CBA05P_95426,4.490466009,25545,H01CBA05P,2021-04-11T09:12:11,95426,CS002-2-1618118012311,,,3,26,"3,26"
H01CBA05P_95427,12.95200884,22308,H01CBA05P,2021-04-11T09:12:58,95427,CS002-2-1618118012311,,,3,27,"3,27"
H01CBA05P_95428,4.50424771,25467,H01CBA05P,2021-04-11T09:13:45,95428,CS002-2-1618118012311,,,3,28,"3,28"
H01CBA05P_95429,4.50424771,25467,H01CBA05P,2021-04-11T09:14:31,95429,CS002-2-1618118012311,,,3,29,"3,29"
H01CBA05P_95430,4.532066731,25311,H01CBA05P,2021-04-11T09:59:10,95430,CS002-2-1618135138605,,,0,0,"0,0"
H01CBA02P_95550,4.525348107,25348.5,H01CBA02P,2021-04-11T10:03:16,95550,CS002-1-1618135383829,,,0,0,"0,0"
H01CBA06P_95670,4.50752888,25448.5,H01CBA06P,2021-04-11T10:03:35,95670,CS002-3-1618135392152,,,0,0,"0,0"
H01CBA06P_95671,4.56988074,25102,H01CBA06P,2021-04-11T10:04:22,95671,CS002-3-1618135392152,,,0,1,"0,1"
H01CBA06P_95672,4.50752888,25448.5,H01CBA06P,2021-04-11T10:05:09,95672,CS002-3-1618135392152,,,0,2,"0,2"
H01CBA06P_95673,4.521237207,25371.5,H01CBA06P,2021-04-11T10:05:56,95673,CS002-3-1618135392152,,,0,3,"0,3"
H01CBA06P_95674,4.521237207,25371.5,H01CBA06P,2021-04-11T10:06:43,95674,CS002-3-1618135392152,,,0,4,"0,4"
H01CBA06P_95675,4.514372626,25410,H01CBA06P,2021-04-11T10:07:30,95675,CS002-3-1618135392152,,,0,5,"0,5"
H01CBA06P_95676,4.45351771,25756.5,H01CBA06P,2021-04-11T10:08:18,95676,CS002-3-1618135392152,,,0,6,"0,6"
H01CBA02P_95551,4.539453319,25269.9,H01CBA02P,2021-04-11T10:08:57,95551,CS002-1-1618135383829,,,0,1,"0,1"
H01CBA06P_95677,4.548905798,25217.5,H01CBA06P,2021-04-11T10:09:36,95677,CS002-3-1618135392152,,,0,7,"0,7"
H01CBA05P_95430,4.539075318,25272,H01CBA05P,2021-04-11T10:09:54,95430,CS002-2-1618135138605,,,0,0,"0,0"
H01CBA06P_95678,4.528122719,25333,H01CBA06P,2021-04-11T10:10:33,95678,CS002-3-1618135392152,,,0,8,"0,8"
H01CBA06P_95679,4.555875996,25179,H01CBA06P,2021-04-11T10:11:20,95679,CS002-3-1618135392152,,,0,9,"0,9"
H01CBA06P_95680,4.50752888,25448.5,H01CBA06P,2021-04-11T10:12:07,95680,CS002-3-1618135392152,,,0,10,"0,10"
H01CBA02P_94697,4.518328355,25387.8,H01CBA02P,2021-04-11T04:16:35,94697,CS002-1-1618066877744,,,0,1,"0,1"
H01CBA02P_94698,4.55364683,25191.3,H01CBA02P,2021-04-11T04:17:22,94698,CS002-1-1618066877744,,,0,2,"0,2"
H01CBA02P_94699,4.55364683,25191.3,H01CBA02P,2021-04-11T04:18:08,94699,CS002-1-1618066877744,,,0,3,"0,3"
H01CBA05P_94817,4.511170365,25428,H01CBA05P,2021-04-11T04:18:50,94817,CS002-2-1618066880183,,,0,1,"0,1"
H01CBA02P_94700,4.539453319,25269.9,H01CBA02P,2021-04-11T04:19:28,94700,CS002-1-1618066877744,,,0,4,"0,4"
H01CBA05P_94818,4.483606769,25584,H01CBA05P,2021-04-11T04:20:05,94818,CS002-2-1618066880183,,,0,2,"0,2"
H01CBA05P_94819,4.436173207,25857,H01CBA05P,2021-04-11T04:20:50,94819,CS002-2-1618066880183,,,0,3,"0,3"
H01CBA05P_94820,4.511170365,25428,H01CBA05P,2021-04-11T04:21:35,94820,CS002-2-1618066880183,,,0,4,"0,4"
H01CBA05P_94821,4.553157793,25194,H01CBA05P,2021-04-11T04:22:21,94821,CS002-2-1618066880183,,,0,5,"0,5"
H01CBA02P_94701,4.532389727,25309.2,H01CBA02P,2021-04-11T04:22:59,94701,CS002-1-1618066877744,,,0,5,"0,5"
H01CBA05P_94822,4.567328016,25116,H01CBA05P,2021-04-11T04:23:36,94822,CS002-2-1618066880183,,,0,6,"0,6"
H01CBA05P_95406,4.518114354,25389,H01CBA05P,2021-04-11T08:27:36,95406,CS002-2-1618118012311,,,3,6,"3,6"
H01CBA05P_95407,4.546105638,25233,H01CBA05P,2021-04-11T08:28:22,95407,CS002-2-1618118012311,,,3,7,"3,7"
H01CBA05P_95412,4.483606769,25584,H01CBA05P,2021-04-11T08:30:42,95412,CS002-2-1618118012311,,,3,12,"3,12"
H01CBA05P_95413,4.490466009,25545,H01CBA05P,2021-04-11T08:31:29,95413,CS002-2-1618118012311,,,3,13,"3,13"
H01CBA05P_95413,4.490466009,25545,H01CBA05P,2021-04-11T08:32:35,95413,CS002-2-1618118012311,,,3,13,"3,13"
H01CBA06P_95681,4.541956917,25256,H01CBA06P,2021-04-11T10:12:55,95681,CS002-3-1618135392152,,,0,11,"0,11"
H01CBA02P_95572,4.490466009,25545,H01CBA02P,2021-04-11T12:09:17,95572,CS002-1-1618135383829,,,0,22,"0,22"
H01CBA05P_95406,4.518114354,25389,H01CBA05P,2021-04-11T08:19:28,95406,CS002-2-1618118012311,,,3,6,"3,6"
H01CBA02P_95583,4.490466009,25545,H01CBA02P,2021-04-11T13:16:02,95583,CS002-1-1618135383829,,,1,3,"1,3"
H01CBA05P_95795,4.518114354,25389,H01CBA05P,2021-04-11T13:21:02,95795,CS002-2-1618137988605,,,0,5,"0,5"
H01CBA05P_95795,4.518114354,25389,H01CBA05P,2021-04-11T13:23:41,95795,CS002-2-1618137988605,,,0,5,"0,5"
H01CBA02P_95583,4.490466009,25545,H01CBA02P,2021-04-11T13:25:14,95583,CS002-1-1618135383829,,,1,3,"1,3"
H01CBA02P_95580,4.525348107,25348.5,H01CBA02P,2021-04-11T12:57:12,95580,CS002-1-1618135383829,,,1,0,"1,0"
H01CBA02P_95581,4.55364683,25191.3,H01CBA02P,2021-04-11T13:01:20,95581,CS002-1-1618135383829,,,1,1,"1,1"
H01CBA02P_95578,4.456118092,25741.5,H01CBA02P,2021-04-11T12:48:37,95578,CS002-1-1618135383829,,,0,28,"0,28"
H01CBA02P_95579,4.51133037,25427.1,H01CBA02P,2021-04-11T12:51:02,95579,CS002-1-1618135383829,,,0,29,"0,29"
H01CBA02P_95582,4.504354051,25466.4,H01CBA02P,2021-04-11T13:09:08,95582,CS002-1-1618135383829,,,1,2,"1,2"
H01CBA02P_95575,4.497399297,25505.7,H01CBA02P,2021-04-11T12:29:51,95575,CS002-1-1618135383829,,,0,25,"0,25"
H01CBA02P_95573,4.497399297,25505.7,H01CBA02P,2021-04-11T12:16:21,95573,CS002-1-1618135383829,,,0,23,"0,23"
H01CBA02P_95574,4.567929472,25112.7,H01CBA02P,2021-04-11T12:22:47,95574,CS002-1-1618135383829,,,0,24,"0,24"
H01CBA02P_95576,4.497399297,25505.7,H01CBA02P,2021-04-11T12:36:33,95576,CS002-1-1618135383829,,,0,26,"0,26"
H01CBA02P_95577,4.51133037,25427.1,H01CBA02P,2021-04-11T12:41:45,95577,CS002-1-1618135383829,,,0,27,"0,27"
H01CBA06P_96039,4.555875996,25179,H01CBA06P,2021-04-11T15:06:24,96039,CS002-3-1618150284962,,,0,9,"0,9"
H01CBA05P_95812,4.50424771,25467,H01CBA05P,2021-04-11T15:07:28,95812,CS002-2-1618137988605,,,0,22,"0,22"
H01CBA06P_96040,4.548905798,25217.5,H01CBA06P,2021-04-11T15:11:53,96040,CS002-3-1618150284962,,,0,10,"0,10"
H01CBA05P_95813,4.518114354,25389,H01CBA05P,2021-04-11T15:14:31,95813,CS002-2-1618137988605,,,0,23,"0,23"
H01CBA06P_96041,6.971403947,24717,H01CBA06P,2021-04-11T15:16:57,96041,CS002-3-1618150284962,,,0,11,"0,11"
H01CBA05P_95814,4.476768473,25623,H01CBA05P,2021-04-11T15:20:59,95814,CS002-2-1618137988605,,,0,24,"0,24"
H01CBA06P_96042,4.56988074,25102,H01CBA06P,2021-04-11T15:22:16,96042,CS002-3-1618150284962,,,0,12,"0,12"
H01CBA06P_96043,4.521237207,25371.5,H01CBA06P,2021-04-11T15:26:26,96043,CS002-3-1618150284962,,,0,13,"0,13"
H01CBA05P_95815,4.463154333,25701,H01CBA05P,2021-04-11T15:29:00,95815,CS002-2-1618137988605,,,0,25,"0,25"
H01CBA06P_96044,4.528122719,25333,H01CBA06P,2021-04-11T15:32:00,96044,CS002-3-1618150284962,,,0,14,"0,14"
H01CBA05P_95817,4.553157793,25194,H01CBA05P,2021-04-11T15:36:52,95817,CS002-2-1618137988605,,,0,27,"0,27"
H01CBA06P_96045,6.906537944,24948,H01CBA06P,2021-04-11T15:39:08,96045,CS002-3-1618150284962,,,0,15,"0,15"
H01CBA06P_96046,4.555875996,25179,H01CBA06P,2021-04-11T15:41:15,96046,CS002-3-1618150284962,,,0,16,"0,16"
H01CBA05P_95818,4.560231885,25155,H01CBA05P,2021-04-11T15:45:07,95818,CS002-2-1618137988605,,,0,28,"0,28"
H01CBA06P_96047,4.535029256,25294.5,H01CBA06P,2021-04-11T15:46:56,96047,CS002-3-1618150284962,,,0,17,"0,17"
H01CBA06P_96048,4.548905798,25217.5,H01CBA06P,2021-04-11T15:50:36,96048,CS002-3-1618150284962,,,0,18,"0,18"
H01CBA05P_95819,4.511170365,25428,H01CBA05P,2021-04-11T15:51:14,95819,CS002-2-1618137988605,,,0,29,"0,29"
H01CBA05P_95820,4.511170365,25428,H01CBA05P,2021-04-11T15:56:17,95820,CS002-2-1618137988605,,,1,0,"1,0"
H01CBA06P_96049,4.521237207,25371.5,H01CBA06P,2021-04-11T15:57:03,96049,CS002-3-1618150284962,,,0,19,"0,19"
H01CBA05P_95804,6.892379612,24999,H01CBA05P,2021-04-11T14:11:11,95804,CS002-2-1618137988605,,,0,14,"0,14"
H01CBA06P_96030,4.548905798,25217.5,H01CBA06P,2021-04-11T14:15:00,96030,CS002-3-1618150284962,,,0,0,"0,0"
H01CBA06P_96031,4.576915484,25063.5,H01CBA06P,2021-04-11T14:15:46,96031,CS002-3-1618150284962,,,0,1,"0,1"
H01CBA06P_96032,6.949646651,24794,H01CBA06P,2021-04-11T14:19:58,96032,CS002-3-1618150284962,,,0,2,"0,2"
H01CBA05P_95806,4.49734629,25506,H01CBA05P,2021-04-11T14:24:23,95806,CS002-2-1618137988605,,,0,16,"0,16"
H01CBA05P_95807,4.518114354,25389,H01CBA05P,2021-04-11T14:28:33,95807,CS002-2-1618137988605,,,0,17,"0,17"
H01CBA06P_96033,4.521237207,25371.5,H01CBA06P,2021-04-11T14:29:20,96033,CS002-3-1618150284962,,,0,3,"0,3"
H01CBA05P_95821,4.50424771,25467,H01CBA05P,2021-04-11T16:03:06,95821,CS002-2-1618137988605,,,1,1,"1,1"
H01CBA06P_96050,6.917264781,24909.5,H01CBA06P,2021-04-11T16:03:45,96050,CS002-3-1618150284962,,,0,20,"0,20"
H01CBA06P_96051,4.541956917,25256,H01CBA06P,2021-04-11T16:08:06,96051,CS002-3-1618150284962,,,0,21,"0,21"
H01CBA05P_95822,4.490466009,25545,H01CBA05P,2021-04-11T16:11:18,95822,CS002-2-1618137988605,,,1,2,"1,2"
H01CBA06P_96052,4.521237207,25371.5,H01CBA06P,2021-04-11T16:14:35,96052,CS002-3-1618150284962,,,0,22,"0,22"
H01CBA05P_95823,4.476768473,25623,H01CBA05P,2021-04-11T16:15:23,95823,CS002-2-1618137988605,,,1,3,"1,3"
H01CBA05P_95801,4.483606769,25584,H01CBA05P,2021-04-11T13:55:47,95801,CS002-2-1618137988605,,,0,11,"0,11"
H01CBA05P_95802,4.490466009,25545,H01CBA05P,2021-04-11T14:00:24,95802,CS002-2-1618137988605,,,0,12,"0,12"
H01CBA06P_95910,4.548905798,25217.5,H01CBA06P,2021-04-11T14:01:39,95910,CS002-3-1618149687845,,,0,0,"0,0"
H01CBA06P_95911,4.583971944,25025,H01CBA06P,2021-04-11T14:02:26,95911,CS002-3-1618149687845,,,0,1,"0,1"
H01CBA06P_95912,6.949646651,24794,H01CBA06P,2021-04-11T14:03:13,95912,CS002-3-1618149687845,,,0,2,"0,2"
H01CBA05P_95803,4.490466009,25545,H01CBA05P,2021-04-11T14:04:22,95803,CS002-2-1618137988605,,,0,13,"0,13"
H01CBA05P_95808,4.546105638,25233,H01CBA05P,2021-04-11T14:34:36,95808,CS002-2-1618137988605,,,0,18,"0,18"
H01CBA06P_96034,6.971403947,24717,H01CBA06P,2021-04-11T14:37:03,96034,CS002-3-1618150284962,,,0,4,"0,4"
H01CBA06P_96035,4.548905798,25217.5,H01CBA06P,2021-04-11T14:40:10,96035,CS002-3-1618150284962,,,0,5,"0,5"
H01CBA05P_95809,4.560231885,25155,H01CBA05P,2021-04-11T14:41:33,95809,CS002-2-1618137988605,,,0,19,"0,19"
H01CBA06P_96036,4.535029256,25294.5,H01CBA06P,2021-04-11T14:48:24,96036,CS002-3-1618150284962,,,0,6,"0,6"
H01CBA05P_95810,4.525079776,25350,H01CBA05P,2021-04-11T14:49:11,95810,CS002-2-1618137988605,,,0,20,"0,20"
H01CBA06P_96037,4.521237207,25371.5,H01CBA06P,2021-04-11T14:54:02,96037,CS002-3-1618150284962,,,0,7,"0,7"
H01CBA05P_95796,4.546105638,25233,H01CBA05P,2021-04-11T13:31:15,95796,CS002-2-1618137988605,,,0,6,"0,6"
H01CBA05P_95797,4.49734629,25506,H01CBA05P,2021-04-11T13:35:36,95797,CS002-2-1618137988605,,,0,7,"0,7"
H01CBA05P_95798,4.574446289,25077,H01CBA05P,2021-04-11T13:37:59,95798,CS002-2-1618137988605,,,0,8,"0,8"
H01CBA05P_95811,4.518114354,25389,H01CBA05P,2021-04-11T14:59:26,95811,CS002-2-1618137988605,,,0,21,"0,21"
H01CBA06P_96038,4.562867611,25140.5,H01CBA06P,2021-04-11T15:00:15,96038,CS002-3-1618150284962,,,0,8,"0,8"
H01CBA05P_95799,4.518114354,25389,H01CBA05P,2021-04-11T13:45:24,95799,CS002-2-1618137988605,,,0,9,"0,9"
H01CBA05P_95800,4.50424771,25467,H01CBA05P,2021-04-11T13:49:56,95800,CS002-2-1618137988605,,,0,10,"0,10"
H01CBA06P_96090,4.466898667,25679.5,H01CBA06P,2021-04-11T18:55:51,96090,CS002-3-1618150284962,,,2,0,"2,0"
H01CBA06P_96091,4.535029256,25294.5,H01CBA06P,2021-04-11T18:57:52,96091,CS002-3-1618150284962,,,2,1,"2,1"
H01CBA05P_95851,4.490466009,25545,H01CBA05P,2021-04-11T19:00:04,95851,CS002-2-1618137988605,,,2,1,"2,1"
H01CBA05P_95853,4.490466009,25545,H01CBA05P,2021-04-11T19:03:14,95853,CS002-2-1618137988605,,,2,3,"2,3"
H01CBA06P_96092,4.541956917,25256,H01CBA06P,2021-04-11T19:05:19,96092,CS002-3-1618150284962,,,2,2,"2,2"
H01CBA05P_95854,4.483606769,25584,H01CBA05P,2021-04-11T19:08:30,95854,CS002-2-1618137988605,,,2,4,"2,4"
H01CBA06P_96093,4.45351771,25756.5,H01CBA06P,2021-04-11T19:09:13,96093,CS002-3-1618150284962,,,2,3,"2,3"
H01CBA06P_96094,4.541956917,25256,H01CBA06P,2021-04-11T19:12:29,96094,CS002-3-1618150284962,,,2,4,"2,4"
H01CBA05P_95855,4.511170365,25428,H01CBA05P,2021-04-11T19:15:02,95855,CS002-2-1618137988605,,,2,5,"2,5"
H01CBA06P_96095,4.562867611,25140.5,H01CBA06P,2021-04-11T19:15:41,96095,CS002-3-1618150284962,,,2,5,"2,5"
H01CBA06P_96096,4.555875996,25179,H01CBA06P,2021-04-11T19:19:30,96096,CS002-3-1618150284962,,,2,6,"2,6"
H01CBA05P_95856,4.463154333,25701,H01CBA05P,2021-04-11T19:20:08,95856,CS002-2-1618137988605,,,2,6,"2,6"
H01CBA06P_96097,4.480360357,25602.5,H01CBA06P,2021-04-11T19:22:05,96097,CS002-3-1618150284962,,,2,7,"2,7"
H01CBA06P_96098,4.56988074,25102,H01CBA06P,2021-04-11T19:24:08,96098,CS002-3-1618150284962,,,2,8,"2,8"
H01CBA06P_96099,4.514372626,25410,H01CBA06P,2021-04-11T19:25:28,96099,CS002-3-1618150284962,,,2,9,"2,9"
H01CBA05P_95857,4.518114354,25389,H01CBA05P,2021-04-11T19:26:48,95857,CS002-2-1618137988605,,,2,7,"2,7"
H01CBA06P_96100,4.521237207,25371.5,H01CBA06P,2021-04-11T19:27:35,96100,CS002-3-1618150284962,,,2,10,"2,10"
H01CBA06P_96101,4.535029256,25294.5,H01CBA06P,2021-04-11T19:30:44,96101,CS002-3-1618150284962,,,2,11,"2,11"
H01CBA05P_95858,4.539075318,25272,H01CBA05P,2021-04-11T19:31:50,95858,CS002-2-1618137988605,,,2,8,"2,8"
H01CBA06P_96102,4.541956917,25256,H01CBA06P,2021-04-11T19:32:29,96102,CS002-3-1618150284962,,,2,12,"2,12"
H01CBA05P_95859,4.539075318,25272,H01CBA05P,2021-04-11T19:36:16,95859,CS002-2-1618137988605,,,2,9,"2,9"
H01CBA06P_96103,4.548905798,25217.5,H01CBA06P,2021-04-11T19:36:54,96103,CS002-3-1618150284962,,,2,13,"2,13"
H01CBA05P_95860,4.463154333,25701,H01CBA05P,2021-04-11T19:40:53,95860,CS002-2-1618137988605,,,2,10,"2,10"
H01CBA06P_96104,4.44685728,25795,H01CBA06P,2021-04-11T19:41:32,96104,CS002-3-1618150284962,,,2,14,"2,14"
H01CBA06P_96105,6.895844405,24986.5,H01CBA06P,2021-04-11T19:44:44,96105,CS002-3-1618150284962,,,2,15,"2,15"
H01CBA05P_95861,4.525079776,25350,H01CBA05P,2021-04-11T19:46:28,95861,CS002-2-1618137988605,,,2,11,"2,11"
H01CBA06P_96106,4.56988074,25102,H01CBA06P,2021-04-11T19:47:07,96106,CS002-3-1618150284962,,,2,16,"2,16"
H01CBA06P_96107,4.576915484,25063.5,H01CBA06P,2021-04-11T19:48:20,96107,CS002-3-1618150284962,,,2,17,"2,17"
H01CBA06P_96108,4.521237207,25371.5,H01CBA06P,2021-04-11T19:51:33,96108,CS002-3-1618150284962,,,2,18,"2,18"
H01CBA05P_95862,4.511170365,25428,H01CBA05P,2021-04-11T19:52:10,95862,CS002-2-1618137988605,,,2,12,"2,12"
H01CBA05P_95867,4.525079776,25350,H01CBA05P,2021-04-11T20:17:53,95867,CS002-2-1618137988605,,,2,17,"2,17"
H01CBA06P_96113,4.583971944,25025,H01CBA06P,2021-04-11T20:19:05,96113,CS002-3-1618150284962,,,2,23,"2,23"
H01CBA05P_95868,4.50424771,25467,H01CBA05P,2021-04-11T20:23:41,95868,CS002-2-1618137988605,,,2,18,"2,18"
H01CBA06P_96114,4.535029256,25294.5,H01CBA06P,2021-04-11T20:25:23,96114,CS002-3-1618150284962,,,2,24,"2,24"
H01CBA05P_95869,4.490466009,25545,H01CBA05P,2021-04-11T20:26:01,95869,CS002-2-1618137988605,,,2,19,"2,19"
H01CBA05P_95870,4.49734629,25506,H01CBA05P,2021-04-11T20:28:46,95870,CS002-2-1618137988605,,,2,20,"2,20"
H01CBA06P_96115,4.555875996,25179,H01CBA06P,2021-04-11T20:29:25,96115,CS002-3-1618150284962,,,2,25,"2,25"
H01CBA05P_95871,4.49734629,25506,H01CBA05P,2021-04-11T20:32:23,95871,CS002-2-1618137988605,,,2,21,"2,21"
H01CBA06P_96116,4.56988074,25102,H01CBA06P,2021-04-11T20:36:06,96116,CS002-3-1618150284962,,,2,26,"2,26"
H01CBA05P_95872,4.532066731,25311,H01CBA05P,2021-04-11T20:40:10,95872,CS002-2-1618137988605,,,2,22,"2,22"
H01CBA06P_96117,4.535029256,25294.5,H01CBA06P,2021-04-11T20:41:49,96117,CS002-3-1618150284962,,,2,27,"2,27"
H01CBA06P_96118,4.528122719,25333,H01CBA06P,2021-04-11T20:44:08,96118,CS002-3-1618150284962,,,2,28,"2,28"
H01CBA05P_95873,4.525079776,25350,H01CBA05P,2021-04-11T20:46:48,95873,CS002-2-1618137988605,,,2,23,"2,23"
H01CBA06P_96119,12.91637097,22368.5,H01CBA06P,2021-04-11T20:48:52,96119,CS002-3-1618150284962,,,2,29,"2,29"
H01CBA05P_95874,4.49734629,25506,H01CBA05P,2021-04-11T20:52:09,95874,CS002-2-1618137988605,,,2,24,"2,24"
H01CBA06P_96120,4.548905798,25217.5,H01CBA06P,2021-04-11T20:55:05,96120,CS002-3-1618150284962,,,3,0,"3,0"
H01CBA05P_95875,4.50424771,25467,H01CBA05P,2021-04-11T20:55:42,95875,CS002-2-1618137988605,,,2,25,"2,25"
H01CBA05P_95876,4.539075318,25272,H01CBA05P,2021-04-11T21:00:21,95876,CS002-2-1618137988605,,,2,26,"2,26"
H01CBA06P_96121,6.895844405,24986.5,H01CBA06P,2021-04-11T21:01:00,96121,CS002-3-1618150284962,,,3,1,"3,1"
H01CBA06P_96122,6.928025073,24871,H01CBA06P,2021-04-11T21:02:58,96122,CS002-3-1618150284962,,,3,2,"3,2"
H01CBA05P_95877,4.49734629,25506,H01CBA05P,2021-04-11T21:03:51,95877,CS002-2-1618137988605,,,2,27,"2,27"
H01CBA05P_95878,4.490466009,25545,H01CBA05P,2021-04-11T21:07:23,95878,CS002-2-1618137988605,,,2,28,"2,28"
H01CBA06P_96123,4.555875996,25179,H01CBA06P,2021-04-11T21:10:09,96123,CS002-3-1618150284962,,,3,3,"3,3"
H01CBA06P_96124,4.555875996,25179,H01CBA06P,2021-04-11T21:13:08,96124,CS002-3-1618150284962,,,3,4,"3,4"
H01CBA05P_95879,4.50424771,25467,H01CBA05P,2021-04-11T21:13:54,95879,CS002-2-1618137988605,,,2,29,"2,29"
H01CBA06P_96125,4.541956917,25256,H01CBA06P,2021-04-11T21:17:41,96125,CS002-3-1618150284962,,,3,5,"3,5"
H01CBA05P_95880,4.525079776,25350,H01CBA05P,2021-04-11T21:18:19,95880,CS002-2-1618137988605,,,3,0,"3,0"
H01CBA06P_96053,4.50752888,25448.5,H01CBA06P,2021-04-11T16:22:01,96053,CS002-3-1618150284962,,,0,23,"0,23"
H01CBA05P_95824,4.546105638,25233,H01CBA05P,2021-04-11T16:23:17,95824,CS002-2-1618137988605,,,1,4,"1,4"
H01CBA06P_96054,4.56988074,25102,H01CBA06P,2021-04-11T16:27:05,96054,CS002-3-1618150284962,,,0,24,"0,24"
H01CBA05P_95825,4.511170365,25428,H01CBA05P,2021-04-11T16:29:20,95825,CS002-2-1618137988605,,,1,5,"1,5"
H01CBA06P_96055,4.555875996,25179,H01CBA06P,2021-04-11T16:32:31,96055,CS002-3-1618150284962,,,0,25,"0,25"
H01CBA05P_95826,4.525079776,25350,H01CBA05P,2021-04-11T16:33:39,95826,CS002-2-1618137988605,,,1,6,"1,6"
H01CBA06P_96056,4.541956917,25256,H01CBA06P,2021-04-11T16:37:36,96056,CS002-3-1618150284962,,,0,26,"0,26"
H01CBA06P_96057,4.535029256,25294.5,H01CBA06P,2021-04-11T16:39:49,96057,CS002-3-1618150284962,,,0,27,"0,27"
H01CBA06P_96058,4.480360357,25602.5,H01CBA06P,2021-04-11T16:41:26,96058,CS002-3-1618150284962,,,0,28,"0,28"
H01CBA05P_95827,4.49734629,25506,H01CBA05P,2021-04-11T16:44:58,95827,CS002-2-1618137988605,,,1,7,"1,7"
H01CBA06P_96059,4.562867611,25140.5,H01CBA06P,2021-04-11T16:46:44,96059,CS002-3-1618150284962,,,0,29,"0,29"
H01CBA06P_96060,4.528122719,25333,H01CBA06P,2021-04-11T16:49:36,96060,CS002-3-1618150284962,,,1,0,"1,0"
H01CBA05P_95828,4.511170365,25428,H01CBA05P,2021-04-11T16:51:39,95828,CS002-2-1618137988605,,,1,8,"1,8"
H01CBA06P_96061,4.45351771,25756.5,H01CBA06P,2021-04-11T16:52:17,96061,CS002-3-1618150284962,,,1,1,"1,1"
H01CBA06P_96062,4.50752888,25448.5,H01CBA06P,2021-04-11T16:53:31,96062,CS002-3-1618150284962,,,1,2,"1,2"
H01CBA06P_96063,4.528122719,25333,H01CBA06P,2021-04-11T16:54:16,96063,CS002-3-1618150284962,,,1,3,"1,3"
H01CBA06P_96064,4.535029256,25294.5,H01CBA06P,2021-04-11T16:55:02,96064,CS002-3-1618150284962,,,1,4,"1,4"
H01CBA06P_96065,2.19552556,26103,H01CBA06P,2021-04-11T16:55:48,96065,CS002-3-1618150284962,,,1,5,"1,5"
H01CBA05P_95829,4.539075318,25272,H01CBA05P,2021-04-11T16:58:09,95829,CS002-2-1618137988605,,,1,9,"1,9"
H01CBA05P_95830,4.49734629,25506,H01CBA05P,2021-04-11T17:02:27,95830,CS002-2-1618137988605,,,1,10,"1,10"
H01CBA06P_96066,4.480360357,25602.5,H01CBA06P,2021-04-11T17:04:06,96066,CS002-3-1618150284962,,,1,6,"1,6"
H01CBA05P_95831,4.546105638,25233,H01CBA05P,2021-04-11T17:06:58,95831,CS002-2-1618137988605,,,1,11,"1,11"
H01CBA06P_96067,4.548905798,25217.5,H01CBA06P,2021-04-11T17:11:02,96067,CS002-3-1618150284962,,,1,7,"1,7"
H01CBA05P_95832,4.49734629,25506,H01CBA05P,2021-04-11T17:15:40,95832,CS002-2-1618137988605,,,1,12,"1,12"
H01CBA06P_96068,4.521237207,25371.5,H01CBA06P,2021-04-11T17:17:01,96068,CS002-3-1618150284962,,,1,8,"1,8"
H01CBA06P_96069,4.50752888,25448.5,H01CBA06P,2021-04-11T17:21:52,96069,CS002-3-1618150284962,,,1,9,"1,9"
H01CBA05P_95833,4.525079776,25350,H01CBA05P,2021-04-11T17:22:30,95833,CS002-2-1618137988605,,,1,13,"1,13"
H01CBA05P_95845,4.525079776,25350,H01CBA05P,2021-04-11T18:19:27,95845,CS002-2-1618137988605,,,1,25,"1,25"
H01CBA06P_96082,4.50752888,25448.5,H01CBA06P,2021-04-11T18:20:06,96082,CS002-3-1618150284962,,,1,22,"1,22"
H01CBA06P_96083,4.576915484,25063.5,H01CBA06P,2021-04-11T18:23:13,96083,CS002-3-1618150284962,,,1,23,"1,23"
H01CBA05P_95846,4.525079776,25350,H01CBA05P,2021-04-11T18:25:52,95846,CS002-2-1618137988605,,,1,26,"1,26"
H01CBA06P_96084,4.583971944,25025,H01CBA06P,2021-04-11T18:27:46,96084,CS002-3-1618150284962,,,1,24,"1,24"
H01CBA06P_96085,4.562867611,25140.5,H01CBA06P,2021-04-11T18:29:15,96085,CS002-3-1618150284962,,,1,25,"1,25"
H01CBA05P_95847,4.490466009,25545,H01CBA05P,2021-04-11T18:31:05,95847,CS002-2-1618137988605,,,1,27,"1,27"
H01CBA06P_96086,6.906537944,24948,H01CBA06P,2021-04-11T18:34:30,96086,CS002-3-1618150284962,,,1,26,"1,26"
H01CBA05P_95848,4.532066731,25311,H01CBA05P,2021-04-11T18:35:07,95848,CS002-2-1618137988605,,,1,28,"1,28"
H01CBA05P_95849,4.553157793,25194,H01CBA05P,2021-04-11T18:40:02,95849,CS002-2-1618137988605,,,1,29,"1,29"
H01CBA06P_96087,4.56988074,25102,H01CBA06P,2021-04-11T18:40:56,96087,CS002-3-1618150284962,,,1,27,"1,27"
H01CBA06P_96088,4.555875996,25179,H01CBA06P,2021-04-11T18:42:11,96088,CS002-3-1618150284962,,,1,28,"1,28"
H01CBA06P_96089,4.535029256,25294.5,H01CBA06P,2021-04-11T18:46:49,96089,CS002-3-1618150284962,,,1,29,"1,29"
H01CBA05P_95850,4.511170365,25428,H01CBA05P,2021-04-11T18:49:02,95850,CS002-2-1618137988605,,,2,0,"2,0"
H01CBA05P_95834,4.511170365,25428,H01CBA05P,2021-04-11T17:29:04,95834,CS002-2-1618137988605,,,1,14,"1,14"
H01CBA06P_96070,4.500705874,25487,H01CBA06P,2021-04-11T17:29:42,96070,CS002-3-1618150284962,,,1,10,"1,10"
H01CBA06P_96071,4.500705874,25487,H01CBA06P,2021-04-11T17:32:26,96071,CS002-3-1618150284962,,,1,11,"1,11"
H01CBA06P_96072,4.528122719,25333,H01CBA06P,2021-04-11T17:35:28,96072,CS002-3-1618150284962,,,1,12,"1,12"
H01CBA05P_95835,4.490466009,25545,H01CBA05P,2021-04-11T17:36:06,95835,CS002-2-1618137988605,,,1,15,"1,15"
H01CBA06P_96073,4.535029256,25294.5,H01CBA06P,2021-04-11T17:38:56,96073,CS002-3-1618150284962,,,1,13,"1,13"
H01CBA05P_95836,4.49734629,25506,H01CBA05P,2021-04-11T17:42:20,95836,CS002-2-1618137988605,,,1,16,"1,16"
H01CBA06P_96074,4.487121706,25564,H01CBA06P,2021-04-11T17:45:02,96074,CS002-3-1618150284962,,,1,14,"1,14"
H01CBA06P_96075,4.541956917,25256,H01CBA06P,2021-04-11T17:46:22,96075,CS002-3-1618150284962,,,1,15,"1,15"
H01CBA05P_95838,4.49734629,25506,H01CBA05P,2021-04-11T17:50:57,95838,CS002-2-1618137988605,,,1,18,"1,18"
H01CBA06P_96076,4.555875996,25179,H01CBA06P,2021-04-11T17:52:11,96076,CS002-3-1618150284962,,,1,16,"1,16"
H01CBA06P_96077,4.555875996,25179,H01CBA06P,2021-04-11T17:57:18,96077,CS002-3-1618150284962,,,1,17,"1,17"
H01CBA05P_95839,4.532066731,25311,H01CBA05P,2021-04-11T17:57:57,95839,CS002-2-1618137988605,,,1,19,"1,19"
H01CBA06P_96078,4.521237207,25371.5,H01CBA06P,2021-04-11T18:00:34,96078,CS002-3-1618150284962,,,1,18,"1,18"
H01CBA05P_95840,4.539075318,25272,H01CBA05P,2021-04-11T18:01:53,95840,CS002-2-1618137988605,,,1,20,"1,20"
H01CBA06P_96079,4.548905798,25217.5,H01CBA06P,2021-04-11T18:02:32,96079,CS002-3-1618150284962,,,1,19,"1,19"
H01CBA06P_96080,4.50752888,25448.5,H01CBA06P,2021-04-11T18:05:44,96080,CS002-3-1618150284962,,,1,20,"1,20"
H01CBA05P_95842,4.50424771,25467,H01CBA05P,2021-04-11T18:06:47,95842,CS002-2-1618137988605,,,1,22,"1,22"
H01CBA06P_96081,4.541956917,25256,H01CBA06P,2021-04-11T18:11:33,96081,CS002-3-1618150284962,,,1,21,"1,21"
H01CBA05P_95844,4.50424771,25467,H01CBA05P,2021-04-11T18:13:23,95844,CS002-2-1618137988605,,,1,24,"1,24"
H01CBA05P_95863,4.511170365,25428,H01CBA05P,2021-04-11T19:57:51,95863,CS002-2-1618137988605,,,2,13,"2,13"
H01CBA06P_96109,4.548905798,25217.5,H01CBA06P,2021-04-11T19:58:29,96109,CS002-3-1618150284962,,,2,19,"2,19"
H01CBA06P_96110,4.473619374,25641,H01CBA06P,2021-04-11T20:00:32,96110,CS002-3-1618150284962,,,2,20,"2,20"
H01CBA05P_95864,4.476768473,25623,H01CBA05P,2021-04-11T20:01:35,95864,CS002-2-1618137988605,,,2,14,"2,14"
H01CBA06P_96111,6.917264781,24909.5,H01CBA06P,2021-04-11T20:03:57,96111,CS002-3-1618150284962,,,2,21,"2,21"
H01CBA05P_95865,4.518114354,25389,H01CBA05P,2021-04-11T20:06:27,95865,CS002-2-1618137988605,,,2,15,"2,15"
H01CBA06P_96112,4.480360357,25602.5,H01CBA06P,2021-04-11T20:11:32,96112,CS002-3-1618150284962,,,2,22,"2,22"
H01CBA05P_95866,4.539075318,25272,H01CBA05P,2021-04-11T20:12:10,95866,CS002-2-1618137988605,,,2,16,"2,16"
H01CBA06P_96126,4.528122719,25333,H01CBA06P,2021-04-11T21:23:49,96126,CS002-3-1618150284962,,,3,6,"3,6"
H01CBA05P_95881,4.50424771,25467,H01CBA05P,2021-04-11T21:25:08,95881,CS002-2-1618137988605,,,3,1,"3,1"
H01CBA06P_96143,6.895844405,24986.5,H01CBA06P,2021-04-11T22:57:15,96143,CS002-3-1618150284962,,,3,23,"3,23"
H01CBA05P_95896,4.518114354,25389,H01CBA05P,2021-04-11T22:58:50,95896,CS002-2-1618137988605,,,3,16,"3,16"
H01CBA06P_96144,4.514372626,25410,H01CBA06P,2021-04-11T23:01:26,96144,CS002-3-1618150284962,,,3,24,"3,24"
H01CBA06P_96145,4.555875996,25179,H01CBA06P,2021-04-11T23:03:55,96145,CS002-3-1618150284962,,,3,25,"3,25"
H01CBA05P_95897,4.50424771,25467,H01CBA05P,2021-04-11T23:04:40,95897,CS002-2-1618137988605,,,3,17,"3,17"
H01CBA06P_96146,4.555875996,25179,H01CBA06P,2021-04-11T23:07:10,96146,CS002-3-1618150284962,,,3,26,"3,26"
H01CBA05P_95898,4.429478871,25896,H01CBA05P,2021-04-11T23:08:38,95898,CS002-2-1618137988605,,,3,18,"3,18"
H01CBA06P_96147,4.541956917,25256,H01CBA06P,2021-04-11T23:09:54,96147,CS002-3-1618150284962,,,3,27,"3,27"
H01CBA05P_95899,4.50424771,25467,H01CBA05P,2021-04-11T23:12:47,95899,CS002-2-1618137988605,,,3,19,"3,19"
H01CBA06P_96148,4.548905798,25217.5,H01CBA06P,2021-04-11T23:16:40,96148,CS002-3-1618150284962,,,3,28,"3,28"
H01CBA05P_95900,4.490466009,25545,H01CBA05P,2021-04-11T23:19:51,95900,CS002-2-1618137988605,,,3,20,"3,20"
H01CBA06P_96149,4.521237207,25371.5,H01CBA06P,2021-04-11T23:22:38,96149,CS002-3-1618150284962,,,3,29,"3,29"
H01CBA05P_95901,4.518114354,25389,H01CBA05P,2021-04-11T23:27:00,95901,CS002-2-1618137988605,,,3,21,"3,21"
H01CBA05P_95892,4.50424771,25467,H01CBA05P,2021-04-11T22:34:08,95892,CS002-2-1618137988605,,,3,12,"3,12"
H01CBA06P_96138,4.555875996,25179,H01CBA06P,2021-04-11T22:35:53,96138,CS002-3-1618150284962,,,3,18,"3,18"
H01CBA05P_95893,7.013322135,24570,H01CBA05P,2021-04-11T22:37:46,95893,CS002-2-1618137988605,,,3,13,"3,13"
H01CBA06P_96139,4.466898667,25679.5,H01CBA06P,2021-04-11T22:39:13,96139,CS002-3-1618150284962,,,3,19,"3,19"
H01CBA06P_96140,6.98233389,24678.5,H01CBA06P,2021-04-11T22:41:16,96140,CS002-3-1618150284962,,,3,20,"3,20"
H01CBA05P_95894,4.469951026,25662,H01CBA05P,2021-04-11T22:42:22,95894,CS002-2-1618137988605,,,3,14,"3,14"
H01CBA06P_96141,4.521237207,25371.5,H01CBA06P,2021-04-11T22:46:19,96141,CS002-3-1618150284962,,,3,21,"3,21"
H01CBA05P_95895,4.50424771,25467,H01CBA05P,2021-04-11T22:49:06,95895,CS002-2-1618137988605,,,3,15,"3,15"
H01CBA06P_96142,4.541956917,25256,H01CBA06P,2021-04-11T22:51:29,96142,CS002-3-1618150284962,,,3,22,"3,22"
H01CBA05P_95884,4.518114354,25389,H01CBA05P,2021-04-11T21:52:11,95884,CS002-2-1618137988605,,,3,4,"3,4"
H01CBA06P_96130,4.541956917,25256,H01CBA06P,2021-04-11T21:53:05,96130,CS002-3-1618150284962,,,3,10,"3,10"
H01CBA06P_96131,6.895844405,24986.5,H01CBA06P,2021-04-11T21:55:30,96131,CS002-3-1618150284962,,,3,11,"3,11"
H01CBA05P_95885,4.511170365,25428,H01CBA05P,2021-04-11T21:56:55,95885,CS002-2-1618137988605,,,3,5,"3,5"
H01CBA06P_96132,4.56988074,25102,H01CBA06P,2021-04-11T21:59:37,96132,CS002-3-1618150284962,,,3,12,"3,12"
H01CBA05P_95886,4.49734629,25506,H01CBA05P,2021-04-11T22:04:12,95886,CS002-2-1618137988605,,,3,6,"3,6"
H01CBA06P_96133,4.50752888,25448.5,H01CBA06P,2021-04-11T22:06:36,96133,CS002-3-1618150284962,,,3,13,"3,13"
H01CBA05P_95887,4.483606769,25584,H01CBA05P,2021-04-11T22:08:17,95887,CS002-2-1618137988605,,,3,7,"3,7"
H01CBA06P_96134,4.56988074,25102,H01CBA06P,2021-04-11T22:09:31,96134,CS002-3-1618150284962,,,3,14,"3,14"
H01CBA05P_95888,4.463154333,25701,H01CBA05P,2021-04-11T22:13:32,95888,CS002-2-1618137988605,,,3,8,"3,8"
H01CBA06P_96135,4.493903514,25525.5,H01CBA06P,2021-04-11T22:16:20,96135,CS002-3-1618150284962,,,3,15,"3,15"
H01CBA05P_95889,4.476768473,25623,H01CBA05P,2021-04-11T22:16:57,95889,CS002-2-1618137988605,,,3,9,"3,9"
H01CBA06P_96136,4.555875996,25179,H01CBA06P,2021-04-11T22:20:15,96136,CS002-3-1618150284962,,,3,16,"3,16"
H01CBA05P_95890,4.532066731,25311,H01CBA05P,2021-04-11T22:22:22,95890,CS002-2-1618137988605,,,3,10,"3,10"
H01CBA06P_96137,4.56988074,25102,H01CBA06P,2021-04-11T22:25:17,96137,CS002-3-1618150284962,,,3,17,"3,17"
H01CBA05P_95891,4.525079776,25350,H01CBA05P,2021-04-11T22:28:06,95891,CS002-2-1618137988605,,,3,11,"3,11"
H01CBA05P_95902,4.539075318,25272,H01CBA05P,2021-04-11T23:32:23,95902,CS002-2-1618137988605,,,3,22,"3,22"
H01CBA05P_95903,4.50424771,25467,H01CBA05P,2021-04-11T23:34:54,95903,CS002-2-1618137988605,,,3,23,"3,23"
H01CBA05P_95904,4.490466009,25545,H01CBA05P,2021-04-11T23:36:49,95904,CS002-2-1618137988605,,,3,24,"3,24"
H01CBA05P_95905,4.483606769,25584,H01CBA05P,2021-04-11T23:40:48,95905,CS002-2-1618137988605,,,3,25,"3,25"
H01CBA05P_95882,4.483606769,25584,H01CBA05P,2021-04-11T21:31:11,95882,CS002-2-1618137988605,,,3,2,"3,2"
H01CBA06P_96127,4.548905798,25217.5,H01CBA06P,2021-04-11T21:31:54,96127,CS002-3-1618150284962,,,3,7,"3,7"
H01CBA06P_96129,4.555875996,25179,H01CBA06P,2021-04-11T21:45:20,96129,CS002-3-1618150284962,,,3,9,"3,9"
H01CBA05P_95883,4.49734629,25506,H01CBA05P,2021-04-11T21:46:54,95883,CS002-2-1618137988605,,,3,3,"3,3"
H01CBA05P_95906,4.518114354,25389,H01CBA05P,2021-04-11T23:48:11,95906,CS002-2-1618137988605,,,3,26,"3,26"
H01CBA05P_95907,4.490466009,25545,H01CBA05P,2021-04-11T23:52:12,95907,CS002-2-1618137988605,,,3,27,"3,27"
H01CBA06P_96128,4.56988074,25102,H01CBA06P,2021-04-11T21:38:28,96128,CS002-3-1618150284962,,,3,8,"3,8"
H01CBA05P_95908,4.50424771,25467,H01CBA05P,2021-04-11T23:57:41,95908,CS002-2-1618137988605,,,3,28,"3,28"
